open,high,low,close,volume,daily_return,price_change,sma_5,sma_10,sma_20,sma_50,ema_12,ema_26,rsi,macd,macd_signal,macd_hist,bb_upper,bb_lower,bb_width,bb_pct,volatility,volume_sma5,volume_ratio,volume_change,avg_sentiment,avg_sentiment_lag1,avg_sentiment_lag2,avg_sentiment_lag3,avg_sentiment_roll3,avg_sentiment_roll5,avg_sentiment_roll7,target,date
283.8668247126896,287.7601490973643,281.3830008251136,282.4376220703125,12526100,-0.007447269554351044,-2.119171142578125,282.5775939941406,284.244091796875,279.36298217773435,266.0178918457031,281.868624494808,276.4294215504281,57.66512914358993,5.439202944379872,6.145678669110986,-0.7064757247311144,294.60978860315254,264.11617575231617,30.49361285083637,0.6008289803840999,0.014936298549041218,9735080.0,1.2866970495674355,0.3795416249077632,0.0,0.0,0.0,0.0,0.0,0.0,0.0,0,2025-07-15
284.2610694558768,286.5576476938333,278.9484387838449,281.7181091308594,9979800,-0.0025475109660638706,-0.719512939453125,283.1019592285156,283.9289184570313,280.1887725830078,266.6983966064453,281.84546828496974,276.82117618601563,53.784478630895016,5.024292098954106,5.9214013550796105,-0.8971092561255043,293.9199694160782,266.4575757499374,27.46239366614077,0.555688392129542,0.014920867612856693,9476280.0,1.0531346632713825,-0.20327955229480843,0.0,0.0,0.0,0.0,0.0,0.0,0.0,1,2025-07-16
279.3722805662569,286.13381646736286,279.3722805662569,285.73956298828125,8509500,0.01427474389143324,4.021453857421875,283.4390502929688,283.85992431640625,281.25683135986327,267.458349609375,282.44455977778694,277.4817974306279,53.116649603090366,4.962762347159014,5.729673553495491,-0.7669112063364771,292.98731702141515,269.5263456983114,23.460971323103763,0.691071868508378,0.015586929510150236,9496000.0,0.8961140589601876,-0.14732760175554616,0.0,0.0,0.0,0.0,0.0,0.0,0.0,1,2025-07-17
285.365019447414,288.3022635940587,284.09355419862834,287.08990478515625,12217000,0.004725778197296249,1.350341796875,284.3083984375,283.3937133789062,282.1746429443359,268.31024658203125,283.15922824045913,278.1935090865189,56.852767736488246,4.965719153940256,5.576882673584445,-0.6111635196441885,292.57674886876254,271.7725370199093,20.804211848853242,0.7362628238836652,0.014315647920952862,10462460.0,1.1676984984699106,0.43568952347376455,0.0,0.0,0.0,0.0,0.0,0.0,0.0,0,2025-07-18
286.8237577094983,289.95811320350606,286.4097720406625,286.794189453125,7898100,-0.0010300443418675975,-0.29571533203125,284.75587768554686,283.29514770507814,283.0266616821289,269.15348266601563,283.7184530424077,278.8305965210823,53.2313087481083,4.887856521325375,5.43907744313263,-0.5512209218072552,291.8107693822145,274.2425539820433,17.568215400171198,0.7144513648349802,0.013672168107030256,10226100.0,0.7723471536218937,-0.35351559302611113,0.0,0.0,0.0,0.0,0.0,0.0,0.0,1,2025-07-21
287.3165917383993,289.41602825063205,285.02987956960806,287.2475891113281,6717500,0.0015809234457213606,0.453399658203125,285.71787109375,284.1477325439453,283.7409698486328,269.9257434082031,284.26139705301085,279.4540774536931,53.18485342954141,4.8073195993177364,5.312725874369652,-0.5054062750519153,291.3195426194105,276.1623970778551,15.157145541555451,0.7313508999666251,0.007974986755676242,9064380.0,0.7410875601985397,-0.14947898861751563,0.0,0.0,0.0,0.0,0.0,0.0,0.0,1,2025-07-22
288.6373728619252,292.72780910920665,288.3515263055785,292.5011291503906,7083500,0.018289239799420542,5.2535400390625,287.8744750976563,285.48821716308595,284.57130432128906,270.81072601318357,285.52904814491546,280.4205257275226,57.40029472010329,5.108522417392862,5.271885182974294,-0.16336276558143137,292.16906553926566,276.97354310331247,15.195522435953194,1.02185272744012,0.0092483890186154,8485120.0,0.8348142589834606,0.05448455526609597,0.0,0.0,0.0,0.0,0.0,0.0,0.0,0,2025-07-23
293.1516681080147,295.2905090775473,291.9491754148663,292.29412841796875,7001200,-0.0007076920797643993,-0.207000732421875,289.1853881835938,286.3122192382813,285.25396118164065,271.5548284912109,286.5698297253852,281.3000518527408,50.75487924372358,5.269777872644397,5.271463720908315,-0.0016858482639179329,293.0588365056031,277.4490858576782,15.609750647924898,0.9510108709720475,0.008155129880633506,8183460.0,0.8555304412155199,-0.011618550151761164,0.0,0.0,0.0,0.0,0.0,0.0,0.0,1,2025-07-24
292.4419829511327,294.6103920554469,291.71258245493334,294.33441162109375,5918500,0.006980240123768411,2.040283203125,290.63428955078126,287.4713439941406,285.80860443115233,272.2816650390625,287.7643807862635,282.2655599837299,59.646027849110276,5.498820802533601,5.316935137233372,0.18188566530022854,294.5336869622887,277.08352190001597,17.45016506227273,0.9885803176375471,0.007788103721622217,6923760.0,0.8548099797205594,-0.15464491801405478,0.0,0.0,0.0,0.0,0.0,0.0,0.0,0,2025-07-25
293.3882007039174,295.13278810430046,292.5602593912129,293.9992980957031,5840400,-0.0011385468778351004,-0.335113525390625,292.0753112792969,288.41559448242185,286.4269302368164,272.9502032470703,288.7235988338696,283.13472576980195,80.24962743580193,5.588873064067627,5.371322722600224,0.21755034146740293,295.6448417838918,277.209018689741,18.435823094150805,0.9107420547107807,0.007896302665573809,6512220.0,0.8968368856032374,-0.013195911126129944,0.0,0.0,0.0,0.0,0.0,0.0,0.0,0,2025-07-28
295.69464217411235,296.9661375577531,291.94918873841937,292.7771301269531,7635700,-0.004157043831962359,-1.22216796875,293.18121948242185,289.4495452880859,286.8468185424805,273.5580041503906,289.34721903280547,283.84897794440576,76.2084213760678,5.498241088399709,5.396706395760122,0.10153469263958748,296.42984499057263,277.26379209438835,19.166052896184283,0.8094174693029187,0.007453094791914623,6695860.0,1.1403611873066062,0.30739332922402585,0.0,0.0,0.0,0.0,0.0,0.0,0.0,1,2025-07-29
293.1516503269176,296.29584201458954,293.1122159565272,295.3299255371094,8061700,0.008719244597586329,2.55279541015625,293.7469787597656,290.81072692871095,287.3698226928711,274.2154876708984,290.267635418083,284.69941850682824,73.79359637080398,5.568216911254751,5.431008498859048,0.13720841239570358,297.61726020411004,277.1223851816321,20.494875022477913,0.8883947979492236,0.007267997314363774,6891500.0,1.1698032112307608,0.05579056275128669,0.0,0.0,0.0,0.0,0.0,0.0,0.0,0,2025-07-30
294.8469611494763,296.66055111466636,291.2591855090535,291.9885559082031,14749700,-0.011314023199069267,-3.34136962890625,293.6858642578125,291.4356262207031,287.6477752685547,274.85872131347656,290.532392416563,285.23935461063377,67.96931807877469,5.293037805929259,5.40341436027309,-0.11037655434383087,298.0875849983462,277.20796553876323,20.879619459582955,0.7078955819737541,0.00802661294429412,8441200.0,1.7473461418582499,0.8296016969125619,0.0,0.0,0.0,0.0,0.0,0.0,0.0,0,2025-07-31
286.23241068269874,287.61231301174155,280.1608103552954,285.2171936035156,12007100,-0.023190505818372897,-6.7713623046875,291.8624206542969,291.24835510253905,287.32103424072267,275.35083374023435,289.7146695222481,285.23771305455097,51.07615858775437,4.476956467697107,5.218122781757893,-0.741166314060786,297.6281956299133,277.013872851532,20.61432277838128,0.397942772109335,0.011307186854086913,9658920.0,1.2431098670338023,-0.185942764937592,0.0,0.0,0.0,0.0,0.0,0.0,0.0,1,2025-08-01
286.0943926240756,290.0961238185278,286.0943926240756,290.0369873046875,6649500,0.01689867865354544,4.819793701171875,291.06995849609376,291.5726348876953,287.4338912963867,276.0303704833984,289.7642568733926,285.59321485085735,61.381798676542736,4.171042022535232,5.008706629913362,-0.8376646073781293,297.81139372258895,277.0563888701845,20.755004852404454,0.6254201589537953,0.012570090516148887,9820740.0,0.677087401042345,-0.4462026634241407,0.0,0.0,0.0,0.0,0.0,0.0,0.0,0,2025-08-04
290.4608068242693,291.54502636918687,283.11771225513746,287.1884460449219,7182300,-0.009821303435251894,-2.848541259765625,289.9522216796875,291.5667205810547,287.8572265625,276.6601953125,289.36797828439705,285.71138012449177,57.70190581783156,3.656598159905286,4.7382849359117465,-1.0816867760064603,297.39511846992417,278.3193346550758,19.075783814848364,0.464940863005457,0.01303678892969961,9730060.0,0.7381557011821406,0.08012632528761565,0.0,0.0,0.0,0.0,0.0,0.0,0.0,0,2025-08-05
288.1051104485434,289.08092314098127,285.99583781724914,287.16876220703125,6330200,-6.853979734111615e-05,-0.019683837890625,288.3199890136719,291.0334838867187,288.26085052490237,277.2888421630859,289.0296373494177,285.81933435282804,52.26777044152767,3.2103029965896894,4.432688548047335,-1.2223855514576458,296.87632826115515,279.6453727886496,17.23095547250557,0.43662055943152317,0.011388590247955811,9383760.0,0.6745909236179396,-0.11863887612603208,0.0,0.0,0.0,0.0,0.0,0.0,0.0,0,2025-08-06
288.7359444448802,289.2484709612734,282.29965937267906,282.8220520019531,8057100,-0.015136431176119403,-4.346710205078125,286.4866882324219,290.0862762451172,288.1992477416992,277.7407019042969,288.0746242190385,285.5973134379484,43.81604627399139,2.477310781090125,4.041612994655893,-1.5643022135657683,296.9578058397791,279.4406896436193,17.517116196159805,0.19303190777955104,0.012132396156292722,8045240.0,1.001474039124496,0.27280338693880135,0.0,0.0,0.0,0.0,0.0,0.0,0.0,1,2025-08-07
284.8327496617793,287.0504590616496,280.6240107941869,284.61590576171875,6634100,0.006342694097110968,1.793853759765625,286.3664306640625,289.1144256591797,288.29288482666016,278.26375183105466,287.5425136871432,285.5246165730425,46.975077789422635,2.0178971141006627,3.636869818544848,-1.618972704444185,296.84341263253344,279.74235702078687,17.101055611746574,0.2849852577111845,0.012074457830153595,6970640.0,0.9517202219996698,-0.17661441461568061,0.0,0.0,0.0,0.0,0.0,0.0,0.0,1,2025-08-08
285.2467115527221,287.1391701841974,284.6356142061902,285.4044189453125,5510100,0.002770446653300951,0.78851318359375,285.4399169921875,288.25493774414065,288.33526611328125,278.7853082275391,287.21357603455385,285.5157130450625,47.46404345453549,1.697862989491341,3.2490684527341465,-1.5512054632428054,296.8159398512566,279.8545923753059,16.961347475950674,0.3272043437320311,0.012216527769895352,6742760.0,0.81718749930481,-0.16942765409023075,0.0,0.0,0.0,0.0,0.0,0.0,0.0,1,2025-08-11
287.31661546362176,290.5199739550687,286.1732592848133,288.6472473144531,8570900,0.01136222200456527,3.242828369140625,285.73167724609374,287.8419494628906,288.64574737548827,279.37898010253906,287.43414084684605,285.74767854649883,44.38700854957337,1.6864623003472161,2.9365472222567606,-1.2500849219095445,296.6591024546323,280.6323922963442,16.026710158288097,0.5000935899164549,0.01300144108826638,7020480.0,1.2208422756218555,0.5554890110887281,0.0,0.0,0.0,0.0,0.0,0.0,0.0,0,2025-08-12
289.7314666813669,290.32283187703916,283.0389031406188,286.36053466796875,8420400,-0.007922170288335417,-2.286712646484375,285.5700317382813,286.94501037597655,288.87786865234375,279.9139691162109,287.2689706654803,285.79307529623736,41.85163701564235,1.4758953692429486,2.644416851653998,-1.1685214824110495,296.2929067569822,281.4628305477053,14.830076209276854,0.33025481803454565,0.01262402225430364,7438520.0,1.1319992240392949,-0.01755941616399681,0.0,0.0,0.0,0.0,0.0,0.0,0.0,1,2025-08-13
286.4098066006694,289.9778804180479,285.4833244293079,289.9384460449219,6322400,0.01249442902843323,3.577911376953125,286.993310546875,286.73999938964846,289.08781280517576,280.4889312744141,287.67965918539437,286.1001397961399,44.207810615162686,1.5795193892544717,2.431437359174093,-0.8519179699196213,296.36521234016413,281.8104132701874,14.554799069976752,0.5584434889893009,0.013119791757518987,7091580.0,0.8915360340663104,-0.2491568096527481,0.0,0.0,0.0,0.0,0.0,0.0,0.0,0,2025-08-14
290.6086532135509,291.2591849519308,285.660707668408,286.3210754394531,7340500,-0.01247633990874153,-3.61737060546875,287.3343444824219,286.8503875732422,289.04937133789065,281.0317633056641,287.4706463014034,286.1165053993483,40.688461672682465,1.3541409020551214,2.215978067750299,-0.8618371656951775,296.3791408930758,281.71960178270547,14.65953911037036,0.313889380954591,0.011351525398167995,7232860.0,1.0148819395257285,0.161030621283057,0.0,0.0,0.0,0.0,0.0,0.0,0.0,1,2025-08-15
285.8381195988006,287.7108460905947,284.2709417940018,287.3461608886719,5386900,0.003580195581640133,1.02508544921875,287.7226928710937,286.5813049316406,289.076969909668,281.6396307373047,287.4514946994447,286.20759099115,43.38211777295547,1.243903708294681,2.0215631958591755,-0.7776594875644944,296.3750745678037,281.77886525153224,14.596209316271484,0.381420649438888,0.009913387715995679,7208220.0,0.7473272531460953,-0.2661399087255637,0.0,0.0,0.0,0.0,0.0,0.0,0.0,0,2025-08-18
286.6562214265169,288.2825659770611,285.37489004447787,286.4886779785156,6031500,-0.0029841460470685366,-0.85748291015625,287.2909790039063,286.511328125,289.03902435302734,282.15619140625,287.303369050071,286.2284122494734,38.762236196854424,1.0749568005975902,1.8322419168068587,-0.7572851162092684,296.3849132686819,281.6931354373728,14.691777831309082,0.32640995500196146,0.00945214708889809,6700340.0,0.9001780655641257,0.11966065826356531,0.0,0.0,0.0,0.0,0.0,0.0,0.0,1,2025-08-19
286.63648908496583,289.1203129200321,283.1472843493455,288.04595947265625,7374200,0.005435752313595499,1.557281494140625,287.62806396484376,286.5990478515625,288.81626586914064,282.6840832519531,287.4176137304687,286.3630453771166,44.75064218052918,1.0545683533521242,1.676707204115912,-0.6221388507637877,295.9882505493314,281.6442811889499,14.343969360381493,0.44629754305957353,0.009621362630801045,6491100.0,1.1360476443056424,0.22261460664842914,0.0,0.0,0.0,0.0,0.0,0.0,0.0,0,2025-08-20
287.7503044651617,288.5683797096441,285.31575079885044,287.28704833984375,6624000,-0.0026346876526297525,-0.7589111328125,287.0977844238281,287.04554748535156,288.5659118652344,283.1603057861328,287.3975267472956,286.4314900410223,53.281246196809086,0.9660367062733144,1.5345731045473925,-0.5685363982740781,295.5744317329858,281.557391997483,14.017039735502749,0.40876365124654174,0.008054408309846195,6551420.0,1.0110783599466437,-0.10173306934989557,0.0,0.0,0.0,0.0,0.0,0.0,0.0,1,2025-08-21
288.9922055724686,292.8953659306035,285.96625689985,291.9885559082031,8552800,0.016365191523697753,4.701507568359375,288.2312805175781,287.7828125,288.44861907958983,283.73938720703126,288.10383892589675,286.84312454970234,53.105378605367264,1.2607143761944144,1.4798013588767969,-0.21908698268238247,295.1211182856303,281.77611987354936,13.34499841208094,0.7652631883899964,0.009228696788889969,6793880.0,1.2588975285260369,0.2911835748792271,0.0,0.0,0.0,0.0,0.0,0.0,0.0,0,2025-08-22
291.9885819039242,293.08266767966575,289.9187435512912,290.6678161621094,5856300,-0.004523258598220448,-1.32073974609375,288.89561157226564,288.3091522216797,288.2820449829102,284.29028869628905,288.49829696223713,287.1264350395102,55.81939714776726,1.3718619227269073,1.4582134716468191,-0.08635154891991181,294.52351118071056,282.0405787851098,12.482932395600756,0.6911226547496859,0.009495190735970473,6887760.0,0.8502472719364101,-0.3152768683939763,0.0,0.0,0.0,0.0,0.0,0.0,0.0,1,2025-08-25
289.9384115603751,294.4526691589569,289.2878798394283,294.2851257324219,6714700,0.012444823159558416,3.6173095703125,290.45490112304685,288.87294006347656,288.3574447631836,284.9780798339844,289.3885783114963,287.65670842417035,60.62390598419156,1.7318698873259564,1.5129447547826467,0.2189251325433097,294.8585865562196,281.85630297014757,13.002283586072053,0.9558953763039034,0.009618979387308484,7024400.0,0.9559106890395351,0.14657719037617611,0.0,0.0,0.0,0.0,0.0,0.0,0.0,1,2025-08-26
292.98408908730437,296.74927450763425,292.77711127340297,294.9849548339844,6056500,0.0023780648098361556,0.6998291015625,291.8427001953125,289.7353820800781,288.34019622802737,285.57373291015625,290.249559314956,288.199541491564,70.37655471497611,2.050017823392011,1.6203593685045197,0.4296584548874913,294.76482750180503,281.9155649542497,12.849262547555327,1.0171315147735147,0.008972018823254888,6760860.0,0.8958178551518808,-0.09802373896078753,0.0,0.0,0.0,0.0,0.0,0.0,0.0,1,2025-08-27
295.71431837356056,296.91681101607145,294.41328492266325,296.749267578125,6410500,0.005981026202280582,1.764312744140625,293.7351440429687,290.4164642333984,288.57823181152344,286.2211505126953,291.2495144323666,288.8328545350129,70.34720427728861,2.416659897353668,1.7796194742743494,0.6370404230793185,295.8667115043263,281.28975211872057,14.576959385605733,1.0605445929697552,0.008432654099964902,6718160.0,0.9542045806880782,0.05844959960373153,0.0,0.0,0.0,0.0,0.0,0.0,0.0,1,2025-08-28
297.70533564994906,298.60227955806266,295.4284896061262,297.09423828125,6796400,0.001162498920184163,0.344970703125,294.75628051757815,291.4937805175781,289.17208404541014,286.7883618164062,292.1487027168102,289.44480888658603,69.8994254033201,2.7038938302241604,1.9644743454643119,0.7394194847598485,297.2049347021202,281.13923338870006,16.065701313420163,0.9931097672175152,0.006676670570508832,6366880.0,1.0674614461931988,0.06019811247172613,0.0,0.0,0.0,0.0,0.0,0.0,0.0,0,2025-08-29
295.95091721841663,296.1480289299188,290.2735705259471,295.3989562988281,7221900,-0.0057062095590592055,-1.695281982421875,295.7025085449219,292.29906005859374,289.4401824951172,287.3012646484375,292.6487417294283,289.88585684304843,62.132578717531544,2.7628848863798794,2.1241564536474256,0.6387284327324538,297.9389764750027,280.9413885152317,16.997587959770954,0.850565845987283,0.007312150568719276,6640000.0,1.0876353783681658,0.06260667412159382,0.0,0.0,0.0,0.0,0.0,0.0,0.0,0,2025-09-02
296.2564245761911,296.2564245761911,292.1265542897072,295.2116394042969,6316900,-0.0006341149504325294,-0.18731689453125,295.8878112792969,293.1713562011719,289.8413421630859,287.74626892089844,293.0430336794081,290.28035925499273,67.20310518581445,2.7626744244153656,2.2518600478010136,0.510814376614352,298.64458243990066,281.0381018862712,17.606480553629467,0.8050182132680047,0.007142284685691862,6560440.0,0.9628773431542178,-0.12531328320802004,0.0,0.0,0.0,0.0,0.0,0.0,0.0,1,2025-09-03
295.694622931837,300.0610396446901,293.99930589050996,299.4598083496094,6605800,0.01439024881906703,4.2481689453125,296.78278198242185,294.3127410888672,290.45589447021484,288.2175762939453,294.030229782516,290.9603184471866,68.03591038441076,3.0699113353294365,2.415470305306698,0.6544410300227383,300.14505992675134,280.76672901367834,19.378330913073,0.9646382559374954,0.007977819400424645,6670300.0,0.9903301215342456,0.045734458357738816,0.0,0.0,0.0,0.0,0.0,0.0,0.0,0,2025-09-04
299.2922261938372,300.7706992658433,290.08627080836624,290.1552734375,9837700,-0.03107106413841898,-9.304534912109375,295.4639831542969,294.5995635986328,290.8225555419922,288.44786193847654,293.43408265251355,290.9006854835061,55.97548526170411,2.5333971690074577,2.4390556780468504,0.09434149096060729,299.82612991704315,281.8189811669412,18.00714875010192,0.46294348904340815,0.013756934539485777,7355740.0,1.3374179433452047,0.48925186956916655,0.0,0.0,0.0,0.0,0.0,0.0,0.0,0,2025-09-05
290.6579550877705,292.20540066234315,287.2574550934962,288.70635986328125,8188500,-0.004993580013395338,-1.44891357421875,293.7864074707031,294.27134399414064,291.02707824707034,288.557158203125,292.70674068493935,290.7381428449709,52.09219140150924,1.9685978399684245,2.3449641104311656,-0.37636627046274107,299.61317302349596,282.4409834706447,17.17218955285125,0.3648560000452236,0.012745058813688597,7634160.0,1.0726129564204894,-0.16764081035201317,0.0,0.0,0.0,0.0,0.0,0.0,0.0,1,2025-09-08
288.4008143193263,294.7089599546063,288.11496777534006,293.5754699707031,7848200,0.01686526791348708,4.869110107421875,293.4217102050781,294.562109375,291.43563079833984,288.79601196289065,292.84039134428764,290.9483152246548,59.70309901875193,1.8920761196328613,2.254386512271505,-0.36231039263864373,299.66544259745206,283.20581899922763,16.459623598224425,0.6300053527326172,0.013840202097709938,7759420.0,1.0114414464687507,-0.041558282957806725,0.0,0.0,0.0,0.0,0.0,0.0,0.0,1,2025-09-09
292.44198029068025,297.2125163723058,291.1606189374317,296.22686767578125,7787300,0.009031400700278969,2.651397705078125,293.624755859375,294.75628356933595,291.8146118164062,289.0329620361328,293.36138770297896,291.3393191099234,60.875308298774286,2.0220685930555646,2.2079229284283173,-0.18585433537275264,300.2003754015518,283.42884823126064,16.771527170291165,0.7630801485047675,0.013570437007618667,8053500.0,0.9669459282366762,-0.007759741087128291,0.0,0.0,0.0,0.0,0.0,0.0,0.0,1,2025-09-10
296.91682530734334,301.3424087307021,296.4733014094209,301.1748352050781,7942500,0.016703304356282755,4.947967529296875,293.96776123046874,295.3752716064453,292.5553268432617,289.35906188964844,294.56345654945574,292.06787585771264,66.61164431784978,2.4955806917431005,2.265454481091274,0.23012621065182648,301.5104023947114,283.600251291812,17.910151102899363,0.9812638548560211,0.014481326709378833,8320840.0,0.9545309182088686,0.019929885839764738,0.0,0.0,0.0,0.0,0.0,0.0,0.0,1,2025-09-11
300.622869917122,303.13626220753474,299.3415385689925,302.5054626464844,6846700,0.004418122916877154,1.33062744140625,296.43779907226565,295.9508911132813,293.18367767333984,289.6805810546875,295.7853036413063,292.8410304346587,63.68302771465293,2.9442732066476083,2.401218226202541,0.5430549804450671,303.0797607709409,283.2875945757388,19.79216619520207,0.9709835639129432,0.014443258153334571,7722640.0,0.8865749424322587,-0.13796663519043117,0.0,0.0,0.0,0.0,0.0,0.0,0.0,1,2025-09-12
302.76170501933825,305.50180702662493,302.76170501933825,304.46685791015625,7122000,0.006483834197612559,1.961395263671875,299.58989868164065,296.6881530761719,294.090966796875,289.9348779296875,297.12092737497557,293.7022028402511,67.65886914765045,3.418724534724447,2.6047194879069226,0.8140050468175244,304.6433979357339,283.53853565801614,21.104862277717757,0.9916351017009158,0.01450942176868026,7509340.0,0.9484187760284158,0.04020915185417784,0.0,0.0,0.0,0.0,0.0,0.0,0.0,1,2025-09-15
305.5510890844016,306.4381668754987,302.7222822014224,304.7527160644531,10525600,0.0009388810206107934,0.285858154296875,301.8253479003906,297.6235290527344,294.96129455566404,290.27433532714844,298.29504871181825,294.5207593753772,64.64421174496877,3.7742893364410293,2.8386334576137444,0.9356558788272848,306.0300903967728,283.8924987145553,22.137591682217476,0.9422984057345303,0.014242932285778317,8044820.0,1.3083696952362271,0.47789946644201065,0.0,0.0,0.0,0.0,0.0,0.0,0.0,1,2025-09-16
305.9355027165261,308.41932651675705,304.3387266167954,307.2759704589844,8657800,0.008279678117774747,2.52325439453125,304.03516845703126,298.8299621582031,296.0006591796875,290.845419921875,299.676728980613,295.46558982601476,66.3604870461796,4.211139154598243,3.113134597010644,1.0980045575875987,307.61029293813147,284.3910254212435,23.219267516887953,0.9856015061676889,0.014259842763710503,8218920.0,1.0533986152196864,-0.177453066808543,0.0,0.0,0.0,0.0,0.0,0.0,0.0,1,2025-09-17
307.31540473136215,308.94171900765593,305.16666778780973,308.7347412109375,8050700,0.004747428670631493,1.458770751953125,305.5471496582031,299.75745544433596,297.03509826660155,291.43818908691406,301.07026932373986,296.44848992860165,66.08461601506119,4.621779395138219,3.4148635566361594,1.2069158385020597,309.32716155350215,284.74303497970095,24.5841265738012,0.975902322917102,0.013807296735644427,8240560.0,0.9769601851136106,-0.07012173993393245,0.0,0.0,0.0,0.0,0.0,0.0,0.0,1,2025-09-18
309.09945390156855,311.2678631029987,304.68373667454165,310.26251220703125,23568600,0.004948490701439878,1.52777099609375,307.0985595703125,301.76817932128904,298.1838714599609,291.96235717773436,302.4844605365539,297.471750838115,67.12818368897521,5.012709698438925,3.734432784996713,1.2782769134422125,310.9262318086466,285.44151111127525,25.48472069737136,0.9739561751344691,0.0065655495193077,11584940.0,2.0344169210702066,1.927521830399841,0.0,0.0,0.0,0.0,0.0,0.0,0.0,0,2025-09-19
305.3539884334779,309.1980428451836,305.11744234523064,307.95611572265625,7520200,-0.007433693706560329,-2.306396484375,307.7964111328125,303.6931549072266,298.9822494506836,292.4666162109375,303.3262536421081,298.24837045919213,66.07769845220935,5.0778831829159685,4.003122864580564,1.0747603183354046,312.085993184822,285.8785057165452,26.20748746827678,0.8424161237124617,0.007077906022383787,11664580.0,0.6447038260525603,-0.6809229228719568,0.0,0.0,0.0,0.0,0.0,0.0,0.0,1,2025-09-22
307.34499004479613,311.77054315707727,306.12276518201463,308.25177001953125,8584400,0.0009600533380582643,0.295654296875,308.4962219238281,305.16078491210936,299.8614471435547,292.9405157470703,304.0840253924809,298.98936301921725,66.64988553472966,5.094662373263645,4.22143076631718,0.8732316069464652,312.9759061250357,286.7469881620737,26.228917962961987,0.819888257952718,0.0062427066503465516,11276340.0,0.7612753108477298,0.14151219382463243,0.0,0.0,0.0,0.0,0.0,0.0,0.0,1,2025-09-23
309.54299157852137,312.036681822986,307.1971727167786,308.92205810546875,7310500,0.0021744825208791507,0.6702880859375,308.825439453125,306.4303039550781,300.59329376220705,293.47020446777344,304.8283381175559,299.72511821079144,63.29642203129179,5.10321990676448,4.39778859440664,0.70543131235784,314.0272274992912,287.1593600251229,26.867867474168293,0.8099897805607115,0.0061146638101187215,11006880.0,0.6641754371651697,-0.14839709240016774,0.0,0.0,0.0,0.0,0.0,0.0,0.0,1,2025-09-24
309.61196690994507,311.12000822788536,307.3252546914858,308.95159912109375,7083200,9.562611296254353e-05,0.029541015625,308.8688110351562,307.2079803466797,301.2916259765625,294.01487426757814,305.46268596425404,300.4085612411842,85.7250244896018,5.054124723069833,4.529055820139279,0.5250689029305544,314.9482394093914,287.6350125437336,27.31322686565784,0.7804492190332162,0.004386857095067067,10813380.0,0.6550402690888262,-0.031092264550988347,0.0,0.0,0.0,0.0,0.0,0.0,0.0,1,2025-09-25
310.3807528469309,313.2489940185383,309.1979925185918,311.52410888671875,7258100,0.00832657857393615,2.572509765625,309.1211303710937,308.10984497070314,302.0303680419922,294.5305651855469,306.3952125677102,301.2319351408534,91.5918668400546,5.16327742685678,4.655900141482779,0.5073772853740008,316.2396724033291,287.82106368065524,28.418608722673866,0.8340677559742008,0.004728346644764837,7551280.0,0.9611746669207516,0.02469222950079053,0.0,0.0,0.0,0.0,0.0,0.0,0.0,0,2025-09-26
312.50978831201064,313.4461666504931,309.158588598915,311.1594543457031,6462400,-0.0011705499850999113,-0.364654541015625,309.7617980957031,308.7791046142578,302.73362884521487,295.0119561767578,307.1281728412476,301.9673069338052,88.34929351589712,5.160865907442371,4.756893294674698,0.4039726127676735,317.3020076817007,288.16525000872906,29.136757672971612,0.7891819877238846,0.004712209167179177,7339720.0,0.8804694347373695,-0.10962924181259559,0.0,0.0,0.0,0.0,0.0,0.0,0.0,0,2025-09-29
311.71140689202116,312.85476301381095,305.65950932869447,310.9031677246094,11823300,-0.0008236504387522103,-0.25628662109375,310.2920776367188,309.39414978027344,303.5088394165039,295.4941357421875,307.7089412848417,302.62922254793887,85.74184806247966,5.079718736902862,4.821458383120331,0.2582603537825312,318.08389965599986,288.933779177008,29.15012047899188,0.7536637305729419,0.004795786395832973,7987500.0,1.4802251667949713,0.8295524882396632,0.0,0.0,0.0,0.0,0.0,0.0,0.0,0,2025-09-30
309.46414008660315,310.0752375005356,302.99828667529783,306.25091552734375,9235200,-0.014963669335741447,-4.652252197265625,309.7578491210937,309.29164428710936,304.06080322265626,295.8742022705078,307.484629629842,302.89749610196884,62.54266142936622,4.5871335278731635,4.774593412070898,-0.18745988419773418,318.1405459099542,289.9810605353583,28.159485374595874,0.5777752957831227,0.006709211304522761,8372440.0,1.1030474863901698,-0.21889827713075027,0.0,0.0,0.0,0.0,0.0,0.0,0.0,0,2025-10-01
305.5510816946321,306.1030425326149,301.7464923414213,303.13623046875,7600000,-0.010170369787239508,-3.11468505859375,308.594775390625,308.73179321289064,304.24462432861327,296.086904296875,306.81564514352016,302.9151801291378,51.432305529514856,3.9004650143823483,4.599767732533188,-0.6993027181508396,318.1665559787909,290.32269267843566,27.843863300355224,0.46019252614599204,0.007108800610919451,8475800.0,0.8966704149849672,-0.17706167706167708,0.0,0.0,0.0,0.0,0.0,0.0,0.0,1,2025-10-02
304.0825131673876,307.1873007923745,303.78680048715194,305.5806884765625,6029900,0.008063892607071521,2.4444580078125,307.4060913085938,308.26361083984375,305.0158950805664,296.3526354980469,306.6256518101421,303.11262519191,52.474917171749716,3.513026618232061,4.382419509672963,-0.8693928914409019,317.25925157392254,292.77253858721025,24.48671298671229,0.5230653005889163,0.0074931452606926486,8230160.0,0.7326588143293916,-0.20659210526315785,0.0,0.0,0.0,0.0,0.0,0.0,0.0,1,2025-10-03
307.21486689804453,308.7698659390142,302.2131538143922,306.22442626953125,7214500,0.0021066049565436895,0.64373779296875,306.41908569335936,308.09044189453124,305.8917984008789,296.59043579101564,306.5639248038942,303.34312897543754,53.21892705845893,3.220795828456687,4.150094773429708,-0.9292989449730209,315.42997016281936,296.3536266389384,19.07634352388095,0.5174366679714342,0.007257326356395938,8380580.0,0.8608591695492234,0.1964543358928008,0.0,0.0,0.0,0.0,0.0,0.0,0.0,0,2025-10-06
306.39285354178503,307.0465480670538,301.78731007714714,304.74871826171875,8454200,-0.004819040811961939,-1.4757080078125,305.1881958007813,307.74013671875,306.45046081542966,296.80542419433596,306.28466225894414,303.44724670034725,44.20692846080985,2.837415558596888,3.887558930463144,-1.0501433718662563,314.0664002639571,298.8345213669022,15.231878897054912,0.3882775680137383,0.0073526318435408215,7706760.0,1.096984842270313,0.1718344999653476,0.0,0.0,0.0,0.0,0.0,0.0,0.0,0,2025-10-07
305.2636917190969,305.8282501205831,300.64823485280857,301.1236572265625,6489900,-0.011895246207542787,-3.62506103515625,304.162744140625,306.9602966308594,306.69530029296874,296.9723547363281,305.49066148473156,303.2751289615484,34.12969107539216,2.2155325231831853,3.5531536490071525,-1.3376211258239672,313.154338634155,300.23626195178247,12.918076682372543,0.06869407083813342,0.007977202754180344,7157700.0,0.9067017468318389,-0.2323460528494713,0.0,0.0,0.0,0.0,0.0,0.0,0.0,1,2025-10-08
302.13392206728275,305.09536030036105,300.4898171115272,302.6093444824219,7060300,0.004933811144375078,1.485687255859375,304.0573669433594,306.32607116699216,306.76702575683595,297.11794311523437,305.04738194591465,303.2258115927242,34.01388382245008,1.8215703531904524,3.2068369898438123,-1.38526663665336,312.9956979418902,300.53835357178167,12.457344370108558,0.16624658104847037,0.008295146600579648,7049760.0,1.0014949442966932,0.08789041433612232,0.0,0.0,0.0,0.0,0.0,0.0,0.0,0,2025-10-09
302.7380934229591,307.50211054267186,297.9344502139145,298.0137023925781,8597400,-0.015186715723217503,-4.59564208984375,302.5439697265625,304.97503051757815,306.5424377441406,297.2384460449219,303.9652773992475,302.83972942975043,31.044859120083345,1.1255479694970631,2.7905791857744626,-1.6650312162773995,313.6762512354826,299.40862425279863,14.267626982683964,-0.09776831576937761,0.008374286316052972,7563260.0,1.1367318938219904,0.21771029559650446,0.0,0.0,0.0,0.0,0.0,0.0,0.0,1,2025-10-10
302.6786918104351,306.5017785031187,302.53013174675476,305.0260314941406,10788700,0.023530223762412872,7.0123291015625,302.3042907714844,304.3616882324219,306.57039642333984,297.6346228027344,304.1284703369234,303.00167773081637,45.10403705084104,1.126792606107017,2.4578218698409735,-1.3310292637339565,313.6742793264006,299.4665135202791,14.207765806121529,0.39130135232626667,0.012145642832014364,8278100.0,1.3032819966801565,0.25487938213878625,0.0,0.0,0.0,0.0,0.0,0.0,0.0,0,2025-10-13
302.91638858642943,304.0653034578676,291.39755808509767,299.19232177734375,16178800,-0.01912528477724018,-5.833709716796875,301.19301147460936,303.1906036376953,306.29237670898436,297.8177294921875,303.3690628662188,302.71950321574434,37.23341548734336,0.6495596504744867,2.0961694259676764,-1.4466097754931897,314.0964997460017,298.488253671967,15.608246074034696,0.045108726630270615,0.013300313428753478,9823020.0,1.647028953720042,0.4996060693132629,0.0,0.0,0.0,0.0,0.0,0.0,0.0,1,2025-10-14
303.4611428511513,309.13634876005415,302.520212088773,302.767822265625,11354800,0.01195050884675486,3.57550048828125,301.5218444824219,302.84229431152346,306.0669692993164,298.1293170166016,303.2765643122813,302.7230824046244,42.57689431917395,0.5534819076569306,1.7876319223055275,-1.2341500146485969,314.0106454354878,298.123293163145,15.88735227234281,0.2923412927824996,0.013499942513135264,10796000.0,1.0517598136569273,-0.29816797290281105,0.0,0.0,0.0,0.0,0.0,0.0,0.0,0,2025-10-15
302.43105556912377,305.72920960204,294.2302082762473,295.6861572265625,10549400,-0.023389754519057115,-7.0816650390625,300.13720703125,302.0972869873047,305.41454010009767,298.2996649169922,302.1088093760169,302.20182868773094,32.84501815724036,-0.09301931171404476,1.4115016755016132,-1.504520987215658,314.49738025711713,296.3316999430782,18.165680314038923,-0.035536390893176575,0.01508147808458188,11493820.0,0.9178322857124711,-0.07093035544439352,0.0,0.0,0.0,0.0,0.0,0.0,0.0,0,2025-10-16
296.30025689141456,296.68651306450823,291.3876792596173,294.7155456542969,10153500,-0.0032825735954961077,-0.970611572265625,299.4775756835937,301.0107727050781,304.63719177246094,298.53753479003905,300.97138418806,301.64728920377286,32.41945039460917,-0.6759050157128854,0.9940203372587135,-1.669925352971599,314.59230863092984,294.68207491399204,19.910233716937796,0.0016810822403697167,0.014621963123471738,11805040.0,0.8600986646297967,-0.03752820065596152,0.0,0.0,0.0,0.0,0.0,0.0,0.0,1,2025-10-17
295.6465484229892,300.78693806489423,295.3098022126917,299.4696350097656,6894900,0.01613111159411096,4.75408935546875,298.3662963867188,300.3352935791016,304.2128677368164,298.834609375,300.74034585293776,301.48598148569823,38.84862749079571,-0.7456356327604681,0.6460891432548773,-1.3917247760153453,314.29498363187275,294.13075184176006,20.164231790112694,0.26476997603046093,0.015836593496339414,11026280.0,0.6253150994428675,-0.3209336681932339,0.0,0.0,0.0,0.0,0.0,0.0,0.0,0,2025-10-20
298.7763208850087,301.1434582480101,294.16086397135297,294.25,7372700,-0.01742959685911194,-5.219635009765625,297.37783203125,299.28542175292966,303.51277923583984,299.01152099609374,299.7418311063319,300.949982857128,38.42337238606846,-1.2081517507961053,0.2752409644446808,-1.483392715240786,314.33163765488996,292.6939208167897,21.637716838100232,0.07191512832806712,0.01656590439780135,9265060.0,0.7957529907250476,0.06929759677442737,0.0,0.0,0.0,0.0,0.0,0.0,0.0,0,2025-10-21
294.92353982678844,295.21077611588424,287.76267234049385,291.29852294921875,8054100,-0.010030508243946468,-2.95147705078125,295.08397216796874,298.3029083251953,302.63160247802733,299.0645465087891,298.4428606206222,300.2350599009866,38.54474040654274,-1.7921992803644002,-0.1382470845171354,-1.653952195847265,314.42254344543346,290.8406615106212,23.58188193481226,0.01941581421889077,0.01646935855939232,8604920.0,0.9359876749594795,0.0924220434847478,0.0,0.0,0.0,0.0,0.0,0.0,0.0,1,2025-10-22
291.5659521228084,293.53691953831486,289.7138327608809,291.72442626953125,5438800,0.001462085409841718,0.4259033203125,294.2916259765625,297.21441650390625,301.7702438354492,299.1718243408203,297.40925533583896,299.60464259495285,36.046272906866385,-2.195387259113886,-0.5496751194364856,-1.6457121396774004,314.1209116913482,289.4195759795502,24.701335711798038,0.09330873102489323,0.016312613608611404,7582800.0,0.7172547453111324,-0.324716603965682,0.0,0.0,0.0,0.0,0.0,0.0,0.0,1,2025-10-23
293.2496561856281,299.70734860853685,292.6257039619419,297.5679931640625,7228300,0.020031119674333464,5.84356689453125,294.86211547851565,297.1698455810547,301.0724380493164,299.3244152832031,297.43367654018107,299.4537796741461,42.109078718755214,-2.0201031339650513,-0.8437607223421988,-1.1763424116228525,312.655934496968,289.48894160166486,23.16699289530311,0.34873112788353544,0.017282140246584463,6997760.0,1.0329446804485034,0.32902478487901754,0.0,0.0,0.0,0.0,0.0,0.0,0.0,1,2025-10-24
299.27155593587753,301.6188954834183,298.13255521259686,301.2425231933594,5642200,0.012348539203512088,3.674530029296875,295.21669311523436,296.79149475097654,300.5765914916992,299.62284423828123,298.01965294836236,299.5862791940878,46.92705392839508,-1.5666262457254447,-0.9883338270188481,-0.5782924187065966,311.1467217731672,290.00646121023124,21.140260562935964,0.5315006382795582,0.015924832663922864,6747220.0,0.8362257587234804,-0.21942918805251577,0.0,0.0,0.0,0.0,0.0,0.0,0.0,1,2025-10-27
301.9457586189306,305.0260451309229,300.26202744552563,302.44097900390625,6336000,0.003978375289924285,1.198455810546875,296.8548889160156,297.1163604736328,300.1534820556641,299.92474060058595,298.6998569569076,299.79773843925955,51.20583501492235,-1.0978814823519656,-1.0102433580854715,-0.08763812426649409,309.6009956745293,290.70596843679886,18.89502723773046,0.6210634374240711,0.014640833672781687,6539880.0,0.9688249679160829,0.12296621885080294,0.0,0.0,0.0,0.0,0.0,0.0,0.0,1,2025-10-28
300.6086875532579,305.3033671273222,300.1134671686232,302.5895690917969,7520300,0.0004913027605584208,0.148590087890625,299.11309814453125,297.09853515625,299.97041473388674,300.24675842285154,299.298274208429,300.0045407098179,49.98144398726676,-0.7062665013888818,-0.9494479867461536,0.2431814853572718,309.0553848751181,290.8854445926554,18.169940282462676,0.6441476590759052,0.014141857818377292,6433120.0,1.16899713218514,0.1869160353535353,0.0,0.0,0.0,0.0,0.0,0.0,0.0,1,2025-10-29
302.8668617019339,309.62164411662417,302.1834552198523,306.4819641113281,7514600,0.012863612685704906,3.89239501953125,302.0646057128906,298.17811584472656,300.1377014160156,300.615478515625,300.40345727041347,300.48434985067047,58.052363796497296,-0.08089258025700019,-0.775736905448323,0.6948443251913228,309.5841424731262,290.691260358905,18.892882114221152,0.8358017403655545,0.011900418425545038,6848280.0,1.0972972633570381,-0.0007579484860976704,0.0,0.0,0.0,0.0,0.0,0.0,0.0,1,2025-10-30
305.5905808443981,309.8791757592273,304.3129038831637,308.1459045410156,7721300,0.005429162640980367,1.6639404296875,304.18018798828126,299.5211517333984,300.2659622192383,301.03265563964845,301.5946030043523,301.05187242032565,53.30256639281865,0.5427305840266285,-0.5120434075533327,1.0547739915799612,310.0858520625809,290.4460723758957,19.639779686685188,0.9012235598660159,0.01165760444340372,6946880.0,1.11147722265575,0.027506454102680156,0.0,0.0,0.0,0.0,0.0,0.0,0.0,0,2025-10-31
308.02707397940236,309.3344630267029,303.28285431242927,306.3928527832031,7770000,-0.005689031500917374,-1.7530517578125,305.21025390625,300.2134735107422,300.2743835449219,301.32074157714845,302.33279527802165,301.4475005953536,58.34294517894691,0.885294682668075,-0.23257578950905114,1.1178704721771262,310.11605327181286,290.4327138180309,19.68333945378197,0.8108450805228987,0.01128381235707614,7372440.0,1.053925016151367,0.0063072280574514306,0.0,0.0,0.0,0.0,0.0,0.0,0.0,0,2025-11-03
303.7780648320401,309.23540287266394,302.1834697809128,306.2937927246094,7085200,-0.00032331060497625685,-0.09906005859375,305.98081665039064,301.4178527832031,300.3516372680664,301.6332611083984,302.9421795005736,301.80648519752066,54.44334624867726,1.1356943030529578,0.04107822900335065,1.0946160740496071,310.3639660078855,290.3393085282473,20.024657479638222,0.7967419273856965,0.008994854978693291,7522280.0,0.9418951512180946,-0.08813384813384817,0.0,0.0,0.0,0.0,0.0,0.0,0.0,1,2025-11-04
306.6503419445097,310.107000668758,302.70840715746203,308.7005615234375,6865200,0.007857713267444666,2.406768798828125,307.20301513671876,303.158056640625,300.73048248291013,301.92156982421875,303.82808442716805,302.31715751795895,68.5909038321997,1.510926909209104,0.33504796504450135,1.1758789441646027,311.4165284725655,290.04443649325475,21.372091979310767,0.8729199297555837,0.00754285336312412,7391260.0,0.9288266237655524,-0.03105064077231412,0.0,0.0,0.0,0.0,0.0,0.0,0.0,1,2025-11-05
308.01715622418413,311.83035912038315,307.2941538281452,310.4239501953125,7206100,0.005582719588749896,1.723388671875,307.9914123535156,305.02800903320315,301.1212127685547,302.2303497314453,304.8428330068826,302.91766067924436,71.96681500918397,1.9251723276382222,0.6530728375632455,1.2720994900749767,312.63586970288407,289.60655583422533,23.029313868658733,0.9039520013018806,0.007390489957260169,7329560.0,0.9831557442526231,0.049656237254559255,0.0,0.0,0.0,0.0,0.0,0.0,0.0,1,2025-11-06
308.90856044061366,311.4242580235003,304.6991875199946,311.20635986328125,7302300,0.0025204552273638825,0.78240966796875,308.60350341796874,306.391845703125,301.78084564208984,302.5194915771484,305.82183713863617,303.53163839658043,68.46374019880739,2.290198742055736,0.9804980184617437,1.3097007235939926,314.03380275993806,289.52788852424163,24.505914235696423,0.884622019388983,0.00567389829225645,7245760.0,1.0078030451183801,0.013349800863157624,0.0,0.0,0.0,0.0,0.0,0.0,0.0,1,2025-11-07
311.9888313123107,316.5052386427636,311.2063746689554,313.86077880859375,5794100,0.008529449547491907,2.6544189453125,310.0970886230469,307.65367126464844,302.2225830078125,302.8548223876953,307.05859739555274,304.2967599085814,83.55946326423776,2.7618374869713307,1.3367659121636613,1.4250715748076694,315.5573967018795,288.8877693137455,26.669627388134018,0.9363838920757851,0.00520359450731329,6850580.0,0.845782277444789,-0.20653766621475422,0.0,0.0,0.0,0.0,0.0,0.0,0.0,0,2025-11-10
314.4649387231156,316.00010979819433,312.2661590448994,312.6029052734375,5030200,-0.004007743624198978,-1.25787353515625,311.3589111328125,308.66986389160155,302.8931121826172,303.1989013671875,307.9115678383042,304.9120299356078,88.70096833560063,2.9995379026964315,1.6693203102702152,1.3302175924262163,316.91721464525045,288.8690097199839,28.048204925266532,0.8461823355842393,0.005804422887083109,6439580.0,0.7811377789952483,-0.13184101068328125,0.0,0.0,0.0,0.0,0.0,0.0,0.0,1,2025-11-11
313.23678409164455,319.16951418656384,313.1872439213492,317.34710693359375,10578300,0.015176447755680389,4.74420166015625,313.0882202148438,310.14561767578124,303.6220764160156,303.64161071777346,309.36318923757955,305.8331467502734,90.23327131797868,3.5300424873061615,2.0414647456774047,1.488577741628757,319.0628486667334,288.18130416529783,30.881544501435542,0.944441194189484,0.006768527183139695,7182200.0,1.4728493396383644,1.1029581328774203,0.0,0.0,0.0,0.0,0.0,0.0,0.0,0,2025-11-12
316.17840351377913,317.565014483568,306.1452341336872,306.5216064453125,8973300,-0.034112491501447795,-10.82550048828125,312.30775146484376,310.1495819091797,304.1638488769531,303.7828466796875,308.9260226541538,305.8841437647207,62.15711361491752,3.0418788894331215,2.241547574428548,0.8003313150045734,319.1869257892708,289.14077196463546,30.046153824635326,0.5784711940683649,0.013663983023179175,7535640.0,1.1907812487351772,-0.15172570261762286,0.0,0.0,0.0,0.0,0.0,0.0,0.0,0,2025-11-13
304.57044575572996,304.69920788981074,298.3504790333013,300.70770263671875,10327000,-0.018967353968996736,-5.81390380859375,310.20802001953126,309.40576171875,304.46345672607424,303.9938952636719,307.6616657283946,305.500703681165,49.31369836672139,2.1609620472295887,2.2254304689887565,-0.06446842175916778,318.9215282679336,290.0053851842149,28.91614308371868,0.3701156624224793,0.014749857137877596,8140580.0,1.2685826724161335,0.15085865846455593,0.0,0.0,0.0,0.0,0.0,0.0,0.0,0,2025-11-14
301.0939616708072,302.66875869849656,294.8244855709175,297.4986572265625,8344000,-0.010671643532966124,-3.20904541015625,306.935595703125,308.51634216308594,304.3649078369141,304.1697412109375,306.09812595888195,304.9079594993426,43.96903444955224,1.1901664595393413,2.0183776670988736,-0.8282112075595323,318.9921797301477,289.73763594368046,29.254543786467252,0.26529284952332394,0.01495738890028465,8650560.0,0.9645617203323577,-0.19202091604531812,0.0,0.0,0.0,0.0,0.0,0.0,0.0,0,2025-11-17
296.6369875977812,300.05402007948175,294.1806837974681,296.5478515625,8077300,-0.0031959998506426723,-0.9508056640625,303.7245849609375,307.541748046875,304.47980041503905,304.22918884277345,304.6288529748232,304.2886922447617,42.76904554716354,0.3401607300614842,1.6827342796913958,-1.3425735496299116,318.80553836124653,290.15406246883157,28.651475892414965,0.22315740792738467,0.014928983658790293,9259980.0,0.8722804074867972,-0.0319630872483222,0.0,0.0,0.0,0.0,0.0,0.0,0.0,1,2025-11-18
296.8746866890342,301.5396841634701,296.409178349521,300.3709411621094,5546600,0.012891982118452994,3.823089599609375,300.3293518066406,306.7087860107422,304.9334213256836,304.3120703125,303.97378961902103,303.9984884608615,42.67394468337143,-0.024698841840461228,1.3412476553850243,-1.3659464972254856,318.0229780847681,291.84386456659905,26.17911351816906,0.3257206012444449,0.015414406944452192,8253640.0,0.6720185673207739,-0.3133101407648595,0.0,0.0,0.0,0.0,0.0,0.0,0.0,0,2025-11-19
303.411609711364,306.95740445253,295.3098117912242,295.5277099609375,7501600,-0.016124166946488994,-4.843231201171875,298.1305725097656,305.2191619873047,305.1235855102539,304.1991278076172,302.6743927485466,303.371023386793,35.9444103259481,-0.696630638246404,0.9336719966587388,-1.6303026349051428,317.496007851053,292.75116316945486,24.744844681598124,0.1122070809939356,0.01565132622380386,7959300.0,0.9424948246083419,0.3524681787040709,0.0,0.0,0.0,0.0,0.0,0.0,0.0,0,2025-11-20
298.40987233529637,298.7961284719156,290.01092472978763,295.1711120605469,11766800,-0.0012066479330745672,-0.356597900390625,297.02325439453125,303.6156372070312,305.0037414550781,304.05244079589846,301.5200418734697,302.76362254781185,37.09856920123007,-1.2435806743421267,0.4982214624585657,-1.7418021368006924,317.72581067079284,292.2816722393634,25.44413843142945,0.11356013601548379,0.015498303871293416,8247260.0,1.426752469698728,0.5685720379652341,0.0,0.0,0.0,0.0,0.0,0.0,0.0,0,2025-11-21
295.3890327721484,296.9539460474125,291.69470820468445,295.1513366699219,10940200,-6.699636182871949e-05,-0.019775390625,296.5537902832031,301.74469299316405,304.6991821289063,303.86613037109373,300.5402410729239,302.19974951982,37.166325000738055,-1.6595084468960977,0.06667548058763301,-1.7261839274837307,318.0752050917733,291.32315916603926,26.752045925734024,0.14309849476061998,0.014876335471212029,8766500.0,1.2479551419659907,-0.07024849576775338,0.0,0.0,0.0,0.0,0.0,0.0,0.0,1,2025-11-24
297.18170363006027,301.5891765934406,292.7346348034667,300.103515625,8877200,0.016778439870717365,4.952178955078125,297.2649230957031,300.4947540283203,304.5823089599609,303.7731463623047,300.4730525424741,302.0444729350185,40.64652366116829,-1.5714203925444394,-0.2609436940387815,-1.310476698505658,318.0816885671399,291.08292935278195,26.99875921435796,0.3341111419330259,0.016545290362086407,8926480.0,0.9944792354344338,-0.18857059285936273,0.0,0.0,0.0,0.0,0.0,0.0,0.0,1,2025-11-25
302.0844103036798,305.5806647286523,300.30162915288383,304.6991882324219,7910900,0.015313624693302552,4.595672607421875,298.1305725097656,299.22996215820314,304.6877899169922,303.72161071777344,301.1232272640045,302.2411185126039,44.13791334962375,-1.117891248599392,-0.43233320495090355,-0.6855580436484884,318.15453695815097,291.2210428758334,26.933494082317566,0.5004232022363837,0.016562706563812014,9399340.0,0.8416441110073568,-0.10885189023565989,0.0,0.0,0.0,0.0,0.0,0.0,0.0,1,2025-11-26
306.14525372757277,310.7210853336642,305.29345893213815,310.0871887207031,4322400,0.01768301556540841,5.38800048828125,301.04246826171874,299.5865203857422,304.86805114746096,303.74865966796875,302.5022982573428,302.82230889838905,48.95275951279906,-0.32001064104628085,-0.409868692169979,0.08985805112369816,318.5310062455805,291.2050960493414,27.32591019623908,0.6909959278600531,0.013838582298570903,8763500.0,0.49322753543361264,-0.45361463297475635,0.0,0.0,0.0,0.0,0.0,0.0,0.0,0,2025-11-28
309.958455126882,311.038031953238,305.5906076467962,305.96697998046875,7727300,-0.013287258842368588,-4.120208740234375,303.20164184570314,300.11244812011716,304.7591049194336,303.6627490234375,303.03532621474676,303.0552474970616,42.8107590584594,-0.019921282314840028,-0.3318792101989512,0.3119579278841112,318.346549283615,291.1716605552522,27.174888728362816,0.5444482063041547,0.012991841821796395,7955600.0,0.9713031108523417,0.7877336664815844,0.0,0.0,0.0,0.0,0.0,0.0,0.0,0,2025-12-01
305.7886541478843,307.5120415313108,304.1544330268201,304.9368896484375,7249000,-0.0033666715672946435,-1.03009033203125,305.15875244140625,300.8562713623047,304.6863067626953,303.6023645019531,303.3278744353145,303.1946283971635,42.989123082351384,0.13324603815101455,-0.23885416052895808,0.3721001986799726,318.2524802103493,291.12013331504136,27.132346895307933,0.5092355772318492,0.01240264491982677,7217360.0,1.0043837352738765,-0.061897428597310844,0.0,0.0,0.0,0.0,0.0,0.0,0.0,1,2025-12-02
304.26340519365976,309.37405277594195,303.86720471987456,309.1462707519531,8535300,0.013804105854062554,4.209381103515625,306.96730346679686,302.11611328125,304.8289306640625,303.62025451660156,304.223012330182,303.6354907938146,42.42591644679555,0.587521536367376,-0.07357902114969125,0.6611005575170673,318.5256108663605,291.1322504617645,27.393360404596024,0.6576053475538054,0.012693036333280845,7148980.0,1.1939184059938053,0.17744516485032413,0.0,0.0,0.0,0.0,0.0,0.0,0.0,1,2025-12-03
310.2654601734084,315.44544563675794,310.00793592177615,313.07830810546875,9627800,0.012719019200689408,3.932037353515625,308.64312744140625,303.38684997558596,305.0478179931641,303.70337951660156,305.5853655263799,304.334958742826,56.93918705986403,1.250406783553899,0.1912181397910268,1.0591886437628721,319.1392483869721,290.95638759935605,28.18286078761605,0.7849423332867771,0.012680215158812486,7492360.0,1.2850154977850106,0.1279978442468337,0.0,0.0,0.0,0.0,0.0,0.0,0.0,0,2025-12-04
312.62274341566774,315.4355916137351,311.6718985008828,312.0284729003906,6518900,-0.003353267147222616,-1.049835205078125,309.03138427734376,305.03692626953125,305.12804412841797,303.7649169921875,306.5766128146892,304.9048486804234,63.32483943478447,1.6717641342657998,0.48732733868598144,1.1844367955798183,319.36585864806244,290.8902296087735,28.475629039288947,0.7423275272237019,0.010906784880331193,7931660.0,0.8218833356594539,-0.3229086603377719,0.0,0.0,0.0,0.0,0.0,0.0,0.0,1,2025-12-05
312.0482477999388,313.44477282870224,310.3546026483966,312.1968078613281,7417200,0.0005394858981067063,0.1683349609375,310.2773498535156,306.7394958496094,305.1775665283203,303.7783709716797,307.4412582064798,305.4449938049349,68.63391738933029,1.99626440154492,0.7891147512577692,1.2071496502871508,319.51096822602756,290.84416483061307,28.66680339541449,0.7448560879091858,0.010802104566804402,7869640.0,0.94250805087551,0.13779932197149836,0.0,0.0,0.0,0.0,0.0,0.0,0.0,0,2025-12-08
311.939326475107,315.7524991840304,297.15202309779255,297.6373596191406,18049200,-0.04663548081072799,-14.5594482421875,308.81744384765625,306.98809814453125,304.3663955688477,303.50792907714845,305.9329661161199,304.8666505319131,51.02691002885698,1.0663155842068477,0.844554917847585,0.22176066635926273,318.4650479740383,290.26774316365703,28.197304810381297,0.26135889599310186,0.02010647184961419,10029680.0,1.7995786705479466,1.433425012133959,0.0,0.0,0.0,0.0,0.0,0.0,0.0,1,2025-12-09
297.62741810314117,308.2152311685389,295.60691069504315,307.1455383300781,18874100,0.03194551491487574,9.5081787109375,308.41729736328125,307.6923004150391,304.09352722167966,303.43277648925783,306.1195156874981,305.0354570354809,55.76728625755712,1.0840586520172337,0.8924556646815147,0.191602987335719,317.72446261049765,290.4625918328617,27.261870777635977,0.6119516387074286,0.02186739930024995,12097440.0,1.560172932440836,0.045702856636305134,0.0,0.0,0.0,0.0,0.0,0.0,0.0,1,2025-12-10
306.2838676543348,314.96013772429524,306.2838676543348,314.3460693359375,9721900,0.023443384673624168,7.200531005859375,308.670849609375,308.6569885253906,303.9434753417969,303.5946795654297,307.3851393257196,305.72513202069985,65.40209189601623,1.6600073050197466,1.0459659927491611,0.6140413122705854,317.0146838090115,290.8722668745823,26.142416934429207,0.8979201318429976,0.02252481430493946,12116260.0,0.8023844979899327,-0.48490788964771825,0.0,0.0,0.0,0.0,0.0,0.0,0.0,1,2025-12-11
316.6240735225281,317.20842990436694,313.5735294870918,315.47515869140625,8982900,0.0035918672622627934,1.12908935546875,309.3601867675781,309.19578552246094,304.3911529541016,303.8414581298828,308.62975768967135,306.44735621852993,66.41055605000695,2.182401471141418,1.2732530884276125,0.9091483827138054,318.41288786639984,290.3694180418033,28.043469824596514,0.8952437343073646,0.021958019051789807,12609060.0,0.7124162536766219,-0.07601394789084437,0.0,0.0,0.0,0.0,0.0,0.0,0.0,1,2025-12-12
316.534963668203,319.7935222813264,315.3464528736662,316.9608459472656,10864100,0.004709363684995083,1.485687255859375,310.3129943847656,310.2951721191406,305.2038101196289,304.0690612792969,309.9114635754551,307.2261332354733,67.21930033586085,2.6853303399818174,1.5556685387384535,1.129661801243364,320.17827350229425,290.2293467369635,29.948926765330725,0.892569520733353,0.021311441741697502,13298440.0,0.8169453848011207,0.20942012045107927,0.0,0.0,0.0,0.0,0.0,0.0,0.0,0,2025-12-15
316.0397072252412,316.46558945571707,311.3945381021762,312.5335388183594,8331300,-0.013967993793286504,-4.42730712890625,313.2922302246094,311.0548370361328,305.95555419921874,304.19524353027344,310.31485976667113,307.61927438976113,59.89591607810794,2.695585376910003,1.7836519063727634,0.9119334705372397,320.81041190593135,291.10069649250613,29.709715413425215,0.7214085367996077,0.021954895457208877,11354860.0,0.7337210028374632,-0.23313482018759035,0.0,0.0,0.0,0.0,0.0,0.0,0.0,0,2025-12-16
315.3860269605939,316.3170436429019,311.65207637787455,311.9690246582031,8718700,-0.001806251457973418,-0.56451416015625,314.2569274902344,311.3371124267578,306.7266128540039,304.33964965820314,310.56934667306064,307.94147811334943,56.184711040679524,2.627868559711203,1.9524952370404516,0.6753733226707515,321.11910809971397,292.33411760829387,28.784990491420103,0.6821231035347982,0.021617272178667577,9323780.0,0.9351034735800852,0.046499345840385065,0.0,0.0,0.0,0.0,0.0,0.0,0.0,0,2025-12-17
312.979256626897,314.66301788263524,309.2353920446346,310.0079345703125,11444900,-0.006286169244011375,-1.961090087890625,313.38930053710936,311.0300750732422,307.2084625244141,304.5173352050781,310.48297558033016,308.09454896201333,49.92840083674525,2.388426618316828,2.0396815132957267,0.34874510502110123,321.3480861670848,293.0688388817434,28.2792472853414,0.598993867023842,0.021302928802932594,9668380.0,1.1837452413180656,0.31268423044719973,0.0,0.0,0.0,0.0,0.0,0.0,0.0,1,2025-12-18
310.79038320864026,315.51477427620307,310.1961127673861,314.17767333984375,24494400,0.013450425955421785,4.16973876953125,313.1298034667969,311.2449951171875,308.1409606933594,304.7487017822266,311.05139062025535,308.5451507677785,57.411006644841194,2.506239852476824,2.1329931811319462,0.3732466713448779,321.47395425173704,294.8079671349817,26.665987116755332,0.7263824931485428,0.021747444873614605,12770680.0,1.918018310848106,1.1402021861265719,0.0,0.0,0.0,0.0,0.0,0.0,0.0,1,2025-12-19
314.47481933577194,320.14014104266494,314.47481933577194,320.00146484375,8354600,0.018536617965232427,5.82379150390625,313.73792724609376,312.0254608154297,309.38247833251955,305.18845703125,312.4283251161776,309.3937666252579,62.51439962202039,3.0345584909196646,2.31330624308949,0.7212522478301744,322.2463704423071,296.518586222732,25.727784219575142,0.9127439199462106,0.02245330459365148,12268780.0,0.6809641479459124,-0.658917956757463,0.0,0.0,0.0,0.0,0.0,0.0,0.0,1,2025-12-22
320.51650136966475,324.6466524002949,320.00148308544306,322.8143310546875,6668300,0.008790166670989974,2.8128662109375,315.79408569335936,314.54315795898435,310.7656280517578,305.5442230224609,314.0261721836406,310.3878825089194,61.62399278889654,3.638289674721193,2.578302929415831,1.0599867453053622,323.125630458679,298.4056256448366,24.720004813842365,0.9874069844515332,0.013883360821594092,11936180.0,0.558662774969649,-0.20184090201804994,0.0,0.0,0.0,0.0,0.0,0.0,0.0,1,2025-12-23
323.1213622604756,326.8355148620812,322.3884458193645,326.02337646484375,4289300,0.009940839366306298,3.20904541015625,318.6049560546875,316.4309417724609,312.06162109375,306.0808441162109,315.87189591921026,311.5460672463953,61.14619352957666,4.325828672814964,2.9278080780956577,1.3980205947193065,325.1297194014938,298.99352278600617,26.13619661548762,1.034192314798635,0.011290707806988756,11050300.0,0.3881613722558327,-0.3567625931646746,0.0,0.0,0.0,0.0,0.0,0.0,0.0,0,2025-12-24
325.9639318748006,327.6972031402456,323.4185221880518,324.7754211425781,4158300,-0.0038278093301085114,-1.247955322265625,321.55845336914064,317.473876953125,313.0654327392578,306.52099609375,317.24166903049763,312.52601938685325,60.93828560866136,4.715649643644383,3.285376391205403,1.43027325243898,326.8186310751086,299.312234403407,27.506396671701623,0.925718735251199,0.009856176474470051,9592980.0,0.4334731821109622,-0.030541113934674624,0.0,0.0,0.0,0.0,0.0,0.0,0.0,0,2025-12-26
323.8741142125664,324.63674268276935,320.43728371815735,320.6551818847656,8635300,-0.012686425725559114,-4.1202392578125,322.853955078125,317.99187927246095,313.5938323974609,307.02037658691404,317.7668248542312,313.1281795718838,56.79720698268016,4.638645282347397,3.5560301694338023,1.082615112913595,327.6734177449125,299.5142470500093,28.159170694903196,0.7507655343639806,0.011077817363623762,6421160.0,1.344819106700486,1.0766418969290337,0.0,0.0,0.0,0.0,0.0,0.0,0.0,0,2025-12-29
321.7050354533748,321.83379757815135,319.40720581728044,320.3283386230469,7904300,-0.00101929823743252,-0.32684326171875,322.91932983398436,318.32862854003906,314.31190032958983,307.5326324462891,318.16090389558747,313.66152468678473,73.6429000938775,4.499379208802736,3.7446999773075893,0.7546792314951469,328.2175008832529,300.40629977592675,27.811201107326156,0.7163314798782938,0.011049304171955097,6331100.0,1.2484874273842732,-0.0846525308906465,0.0,0.0,0.0,0.0,0.0,0.0,0.0,0,2025-12-30
321.2395304565584,321.77437689354394,318.9615289550125,319.1398010253906,5048500,-0.0037103729341126934,-1.18853759765625,322.184423828125,318.9892547607422,315.0220458984375,307.92603576660156,318.3115034540187,314.0673229340889,65.11860137906189,4.244180519929785,3.8445960858320287,0.3995844340977559,328.3504395504428,301.69365224643224,26.65678730401055,0.6544730458077038,0.009900345747888948,6007140.0,0.8404164310443187,-0.3612970155484989,0.0,0.0,0.0,0.0,0.0,0.0,0.0,1,2025-12-31
319.4171281542276,322.61626252061376,317.6739428368343,322.36865234375,8054000,0.010117357057894738,3.228851318359375,321.45347900390624,320.0292175292969,315.6831649780273,308.48840881347655,318.93568020628504,314.68223622369345,61.237509294834084,4.253443982591591,3.9263656651839414,0.3270783174076497,329.09584704680225,302.2704829092524,26.825364137549855,0.7492226137432066,0.01009092737938273,6760080.0,1.1914058426223,0.5953253441616322,0.0,0.0,0.0,0.0,0.0,0.0,0.0,1,2026-01-02
322.3884599175412,334.026138578159,322.08142570711647,330.8468322753906,10752600,0.02629964132678797,8.478179931640625,322.6677612304687,322.1131072998047,316.57159118652345,309.279375,320.7681651399936,315.8796137090044,67.85549953233965,4.888551430989196,4.118802818344992,0.7697486126442037,331.52337823226287,301.619804140784,29.903574091478845,0.9773757492739837,0.01171355064231524,8078940.0,1.3309417657586557,0.3350633225726347,0.0,0.0,0.0,0.0,0.0,0.0,0.0,1,2026-01-05
330.92639220894705,334.1598441675407,328.96642165340415,332.90625,7660800,0.006224686240595911,2.059417724609375,325.11797485351565,323.9859649658203,317.61548004150393,310.1030114746094,322.63556281076376,317.1408460268559,68.27830937290915,5.4947167839078475,4.3939856114575635,1.100731172450284,334.0713397964283,301.1596202865796,32.911719509848695,0.9645995464611253,0.011464169066232096,7884040.0,0.9716844445633908,-0.28753975782601415,0.0,0.0,0.0,0.0,0.0,0.0,0.0,0,2026-01-06
329.4539672046419,330.45880399676645,322.947258062395,325.3250732421875,9815200,-0.02277270780531304,-7.5811767578125,326.11732177734376,324.51832580566406,318.2718933105469,310.65815307617186,323.0493336463674,317.74708507984343,63.67427816756477,5.302248566523986,4.575638202470849,0.726610364053137,334.8644472704192,301.6793393506746,33.18510791974461,0.7125405151004962,0.01367968207307437,8266220.0,1.1873865941885657,0.28122389306599826,0.0,0.0,0.0,0.0,0.0,0.0,0.0,1,2026-01-07
324.7281574581884,329.7126277455971,323.99190461809644,328.11083984375,11737100,0.008563024588912116,2.7857666015625,327.9115295410156,325.0479766845703,319.79556732177736,311.19551940917967,323.8280269075032,318.5147706179106,66.47342529863243,5.31325628959263,4.723161819895205,0.5900944696974246,333.8055281482,305.7856064953547,28.019921652845255,0.7967628755068812,0.013666871782626879,9603940.0,1.2221128805351886,0.19580854185345187,0.0,0.0,0.0,0.0,0.0,0.0,0.0,0,2026-01-08
327.6631156796267,330.21007865256746,326.49908990111055,327.5138854980469,6738100,-0.0018193679489144632,-0.596954345703125,328.940576171875,325.1970275878906,320.8139846801758,311.6969775390625,324.3950820752791,319.1813717201429,68.37726712408306,5.213710355136186,4.821271526943401,0.39243882819278486,333.8816706981971,307.74629866215446,26.135372036042668,0.7563537571944664,0.013378772428832116,9340760.0,0.7213652078240734,-0.4259144081587445,0.0,0.0,0.0,0.0,0.0,0.0,0.0,0,2026-01-09
320.2411028663189,324.3600076252465,319.59441851466954,322.8377990722656,12805100,-0.014277521145921401,-4.67608642578125,327.33876953125,325.0032653808594,321.2385711669922,312.10194213867186,324.1555000748155,319.4522181906705,58.99553098465406,4.703281884144985,4.797673598383718,-0.09439171423873294,333.9688699352165,308.5082723987679,25.46059753644863,0.5628118763678354,0.014148074443201014,9751260.0,1.3131737526049194,0.9004021905284874,0.0,0.0,0.0,0.0,0.0,0.0,0.0,0,2026-01-12
322.64875130423195,325.1957141371429,308.9886797025588,309.3169860839844,19371200,-0.041881133582052144,-13.52081298828125,322.62091674804685,323.86944580078125,320.93066253662107,312.158642578125,321.8726517685338,318.7014602568419,40.431707201616526,3.171191511691859,4.4723771810453465,-1.3011856693534876,334.5170219497951,307.34430312344705,27.172718826348046,0.07259792341986461,0.019272621151433713,12093340.0,1.6018071432865408,0.5127722548047262,0.0,0.0,0.0,0.0,0.0,0.0,0.0,0,2026-01-13
306.6307659579143,310.17263725890126,304.5613395847709,306.30242919921875,25951500,-0.009745849792895389,-3.014556884765625,318.81638793945314,322.46685485839845,320.3977416992187,312.12177307128906,319.47723291171604,317.7830135118328,35.26628745573396,1.6942193998832522,3.9167456248129278,-2.2225262249296756,335.4019109053206,305.39357249311684,30.008338412203784,0.03028680540679368,0.019341698584088657,15320600.0,1.6938956898622972,0.3396950111505741,0.0,0.0,0.0,0.0,0.0,0.0,0.0,1,2026-01-14
306.8993776774091,311.3466191836246,306.18304245620016,307.68536376953125,14751400,0.0045149317748736095,1.3829345703125,314.7312927246094,321.3214111328125,320.1553329467773,312.14762329101563,317.66309919753377,317.03503945684747,33.08560837473324,0.6280597406862967,3.259008447987602,-2.630948707301305,335.8358795272484,304.47478636630626,31.36109316094212,0.10237453734939145,0.019551221724720742,15923460.0,0.9263940797795153,-0.4315781361385662,0.0,0.0,0.0,0.0,0.0,0.0,0.0,1,2026-01-15
308.76979706409315,315.5948534301565,308.42157308655703,310.8789978027344,14652500,0.010379544850873224,3.193634033203125,311.40431518554686,320.1724456787109,320.10083160400393,312.2393273925781,316.61939129064154,316.5790363713576,37.62650443016279,0.0403549192839705,2.615277742246876,-2.5749228229629053,335.90824600310145,304.2934172049064,31.61482879819505,0.20830669808958913,0.019571621676472334,17506340.0,0.8369824396771433,-0.006704448391339102,0.0,0.0,0.0,0.0,0.0,0.0,0.0,0,2026-01-16
304.65088058894946,309.56573031914434,300.323023148028,301.19854736328125,12900600,-0.031138965667908414,-9.680450439453125,307.07646484375,317.2076171875,319.66036224365234,312.089287109375,314.24695376335535,315.43974088927786,34.23650179146601,-1.1927871259225071,1.8536647686129992,-3.0464518945355064,337.0624351768223,302.2582893104824,34.80414586633992,-0.030448727322327146,0.01833181173112709,17525440.0,0.7361070115154307,-0.1195632144685207,0.0,0.0,0.0,0.0,0.0,0.0,0.0,0,2026-01-20
301.88504309324475,303.8450138204667,299.61665319654776,300.50213623046875,10270100,-0.0023121331059161587,-0.6964111328125,305.31349487304686,313.9672058105469,318.9765853881836,311.89085083007814,312.13236645060357,314.33325165529203,34.03270116974687,-2.2008852046884613,1.0427547739527072,-3.2436399786411685,338.2588619891879,299.6943087871793,38.5645532020086,0.020947408337313043,0.01771410186538436,15705220.0,0.653929034172776,-0.20390524471729998,0.0,0.0,0.0,0.0,0.0,0.0,0.0,1,2026-01-21
303.3077326815458,306.6307531542374,301.35772089620315,302.0840148925781,10535800,0.0052641178593690885,1.581878662109375,304.4698120117188,311.6430999755859,318.080712890625,311.7084039306641,310.5864662109073,313.4259007839799,36.35037244270323,-2.8394345730725945,0.2663169045476469,-3.1057514776202413,338.7756714237746,297.38575435747543,41.389917066299176,0.11351219978197621,0.017702288412676875,12622080.0,0.8347118038618196,0.02587121839125217,0.0,0.0,0.0,0.0,0.0,0.0,0.0,0,2026-01-22
300.4623078902987,300.8304191049288,295.000271015744,296.2041015625,11107900,-0.019464496763157202,-5.879913330078125,302.1735595703125,308.4524261474609,316.7502014160156,311.3552703857422,308.3737947265369,312.15021195275915,29.913032062994276,-3.776417226222236,-0.5422299216063298,-3.234187304615906,339.48487228566717,294.01553054636406,45.469341739303104,0.04813289421773251,0.01711659507564936,11893380.0,0.9339564586386327,0.054300575181761124,0.0,0.0,0.0,0.0,0.0,0.0,0.0,1,2026-01-23
296.2936374196168,300.243424572115,295.9354850066467,299.5072021484375,11752700,0.011151434326916343,3.3031005859375,299.8992004394531,305.6517578125,315.4243927001953,311.0933563232422,307.00970356067546,311.21369270799454,23.863208893392866,-4.203989147319078,-1.2745817667488795,-2.9294073805701983,338.9606306328439,291.8881547675467,47.07247586529718,0.16185779992817081,0.018269458956163515,11313420.0,1.038828131650011,0.058048776096291776,0.0,0.0,0.0,0.0,0.0,0.0,0.0,0,2026-01-26
299.7957098597862,300.4324657566407,296.6319086980451,298.7809143066406,11527400,-0.002424942828042287,-0.726287841796875,299.415673828125,303.2460693359375,314.1246673583984,310.72203247070314,305.7437359831316,310.2927461597461,20.892736005305665,-4.549010176614502,-1.929467448722004,-2.6195427278924974,338.34758724380305,289.9017474729938,48.44583977080924,0.1832802749517747,0.01826490892230327,11038780.0,1.0442638548586116,-0.01917006304934188,0.0,0.0,0.0,0.0,0.0,0.0,0.0,1,2026-01-27
298.74110176244625,300.38272473319716,296.53240414079806,299.2385559082031,9556700,0.0015316962350975238,0.4576416015625,299.1629577636719,302.23822631835935,313.0538360595703,310.5763714599609,304.74293904852726,309.47391725222445,24.671528081782043,-4.730978203697191,-2.4897695997170417,-2.2412086039801493,337.9455039855314,288.1621681336092,49.783335851922175,0.2224918757416645,0.013598772905951927,10896100.0,0.8770752033227298,-0.17095789163211128,0.0,0.0,0.0,0.0,0.0,0.0,0.0,1,2026-01-28
300.86028172816947,305.2677184721844,300.6812055104527,304.8598327636719,11580000,0.018785269292614704,5.62127685546875,299.71812133789064,302.0939666748047,312.28041076660156,310.6594140625,304.76092269701104,309.1321332160354,28.602818878140397,-4.371210519024373,-2.8660577835785084,-1.505152735445865,337.18163223923585,287.3791892939673,49.80244294526858,0.3509997188002267,0.014989977150459058,11104940.0,1.042779065642942,0.21171534106961598,0.0,0.0,0.0,0.0,0.0,0.0,0.0,0,2026-01-29
303.6957636347891,306.36211063628633,301.0194578342246,304.33251953125,11953200,-0.0017296907488322244,-0.527313232421875,301.34380493164065,301.75868225097656,311.54004669189453,310.79609130859376,304.6950145176632,308.77660627642166,28.6395281993657,-4.081591758758464,-3.1091645786144992,-0.9724271801439643,336.46304983755306,286.617043546236,49.84600629131705,0.3554041196625325,0.01488930371757435,11274000.0,1.060244717026369,0.03222797927461141,0.0,0.0,0.0,0.0,0.0,0.0,0.0,1,2026-01-30
302.9097896135357,307.72514241386267,299.83552643648,306.5710754394531,9839400,0.0073556250631745534,2.238555908203125,302.75657958984374,301.32789001464846,310.7501678466797,310.99655578613283,304.9836392748616,308.6132336218314,34.30603334145688,-3.629594346969782,-3.213250532285556,-0.41634381468422577,335.2254839219883,286.27485177137106,48.95063215061725,0.41462638531852974,0.014662265556690274,10891340.0,0.9034149238372025,-0.17683967473145268,0.0,0.0,0.0,0.0,0.0,0.0,0.0,1,2026-02-02
308.15296152215484,314.6397527673971,307.5261644294422,313.24688720703125,12688000,0.021775739143063966,6.675811767578125,305.6497741699219,302.53272399902346,309.8701705932617,311.25407470703124,306.2549081875031,308.9564672207351,54.36852098556299,-2.7015590332320016,-3.1109122324748455,0.40935319924284386,332.49905290056006,287.2412882859634,45.25776461459668,0.5746107688249775,0.011850069640009116,11123460.0,1.1406521765123283,0.2895095229383906,0.0,0.0,0.0,0.0,0.0,0.0,0.0,1,2026-02-03
312.809117891095,317.68416242077944,312.809117891095,315.654541015625,9848800,0.007686122055548195,2.40765380859375,308.93297119140624,304.04796447753904,309.007585144043,311.656611328125,307.7010055456757,309.45262083517133,60.538098068258144,-1.7516152894956463,-2.839052843879006,1.0874375543833597,329.11378689675655,288.90138339132943,40.21240350542712,0.6652961596791804,0.011685321595648206,11181880.0,0.8807820437366486,-0.22377049180327868,0.0,0.0,0.0,0.0,0.0,0.0,0.0,0,2026-02-04
313.3961328396234,314.4009999973286,303.98430827226673,308.5807800292969,9388000,-0.022409818542664217,-7.073760986328125,309.6771606445312,304.69764099121096,308.1703704833984,311.9248046875,307.8363554662328,309.3880400347362,50.89427711201134,-1.55168456850339,-2.581579188803883,1.0298946203004928,326.75239396613614,289.5883470006607,37.16404696547545,0.5110431876746007,0.014574589808499386,10743480.0,0.8738322337052581,-0.046787425879294964,0.0,0.0,0.0,0.0,0.0,0.0,0.0,1,2026-02-05
313.10760555212,322.59903993155126,313.10760555212,320.7584533691406,17797400,0.03946348615324524,12.17767333984375,312.96234741210935,307.153076171875,307.802751159668,312.4369470214844,309.8243705282186,310.2302928743217,58.36565235871685,-0.40592234610312516,-2.1464478202637314,1.7405254741606062,324.96004034237507,290.6454619769609,34.31457836541415,0.877556794393056,0.016446808327443618,11912320.0,1.4940329428664658,0.8957605453770772,0.0,0.0,0.0,0.0,0.0,0.0,0.0,0,2026-02-06
319.70385137937853,324.73808529326595,318.4801031561584,320.4599914550781,11477500,-0.000930488069534996,-0.2984619140625,315.74013061523436,309.24835510253905,307.4500564575195,312.8440765380859,311.4606199015816,310.9880483247481,69.39107692488093,0.47257157683350215,-1.6226439408442848,2.095215517677787,323.1274539416086,291.7726589734304,31.354794968178226,0.914926489229076,0.016631217479214,12239940.0,0.9377087683674292,-0.35510243069212355,0.0,0.0,0.0,0.0,0.0,0.0,0.0,0,2026-02-09
320.9076714905845,324.4694603347238,313.51550984428656,316.659423828125,9902200,-0.011859725795086873,-3.800567626953125,316.4226379394531,311.0362060546875,307.1411376953125,313.08328125,312.2604358902806,311.40815021388715,65.3091898570866,0.8522856763934215,-1.1276580173967437,1.979943693790165,321.74884993348763,292.5334254571374,29.215424476350222,0.825796605820042,0.01746521679335646,11682780.0,0.847589285462083,-0.13725114354171208,0.0,0.0,0.0,0.0,0.0,0.0,0.0,0,2026-02-10
321.5941717066872,323.6237932822943,307.15807190859783,309.2374267578125,8703500,-0.023438421571628232,-7.4219970703125,315.13921508789065,312.0360931396484,307.1371597290039,313.0662860107422,311.79535756220855,311.24735588380753,56.10255068476451,0.5480016784010218,-0.7925260782371907,1.3405277566382123,321.7424202455876,292.53189921242017,29.210521033167424,0.5719010464021488,0.019819176141012824,11453720.0,0.7598840586391095,-0.12105390721253861,0.0,0.0,0.0,0.0,0.0,0.0,0.0,0,2026-02-11
310.68996020493864,312.0231336727285,298.492374829366,301.09906005859375,13443400,-0.026317534667602005,-8.13836669921875,313.64287109375,311.66001586914064,306.87699127197266,312.9689276123047,310.1497733308832,310.495630267125,54.02093115058114,-0.3458569362418302,-0.7031922498381186,0.35733531359628834,321.7281679763628,292.02581456758253,29.702353408780255,0.30547227574309394,0.021062720189124817,12264800.0,1.096096055696297,0.5445970012064112,0.0,0.0,0.0,0.0,0.0,0.0,0.0,0,2026-02-12
297.0000117729552,302.740652037527,295.0101951931391,301.0094909667969,9114500,-0.00029747383395828386,-0.089569091796875,309.6930786132813,311.3277130126953,306.54319763183594,312.8903796386719,308.7435760441007,309.7929532819156,51.30282753114867,-1.0493772378148947,-0.7724292474334739,-0.2769479903814208,321.6163079873585,291.4700872763134,30.14622071104509,0.31643779767962626,0.021063894250566807,10528220.0,0.8657208088621999,-0.32200931312019276,0.0,0.0,0.0,0.0,0.0,0.0,0.0,1,2026-02-13
301.21844819128046,306.6705262718474,300.95976231603305,305.5661926269531,8896800,0.015138066396248151,4.55670166015625,306.7143188476563,311.2272247314453,306.2775573730469,312.8187780761719,308.25474782607796,309.47985990006646,55.51780068938068,-1.2251120739884982,-0.8629658127444788,-0.3621462612440194,321.2155886370964,291.33952610899735,29.876062528099055,0.4761894745701216,0.02154116090706933,10012080.0,0.8886064745181347,-0.02388501837731083,0.0,0.0,0.0,0.0,0.0,0.0,0.0,1,2026-02-17
306.8894162356143,310.6899733588093,305.6557396172298,307.2077941894531,7209600,0.005372327181836223,1.6416015625,304.82399291992186,310.6233154296875,306.5780197143555,312.70136779785156,308.09367803582796,309.3115587363173,56.358166438839305,-1.2178807004893315,-0.9339487902934495,-0.28393191019588204,321.3264443667259,291.82959506198506,29.496849304740863,0.5213505675833339,0.020286895883861584,9473560.0,0.7610232308632414,-0.18964121931480982,0.0,0.0,0.0,0.0,0.0,0.0,0.0,0,2026-02-18
305.6060125002564,307.6057576457843,303.5664321569553,306.48150634765625,6737700,-0.0023641582522772042,-0.726287841796875,304.27280883789064,309.7060119628906,306.87698822021486,312.5904284667969,307.84565162226306,309.10192522604615,51.40345528873773,-1.256273603783086,-0.9984137529913768,-0.25785985079170914,321.3466039541869,292.4073724862428,28.93923146794407,0.48633405750657155,0.020005349169309454,9080400.0,0.7420046757846928,-0.06545439414114518,0.0,0.0,0.0,0.0,0.0,0.0,0.0,1,2026-02-19
306.829734990155,309.4165028225248,304.12358301143166,309.20758056640625,7792700,0.008894742952802126,2.72607421875,305.89451293945314,309.76869201660156,307.23316650390626,312.53064392089846,308.05517915213125,309.1097515475543,54.064374162398835,-1.0545723954230652,-1.0096454814777145,-0.044926913945350755,321.5559732013681,292.91035980644443,28.645613394923657,0.5689255291800088,0.019012318278769893,7950260.0,0.9801816569292505,0.15658162280897048,0.0,0.0,0.0,0.0,0.0,0.0,0.0,0,2026-02-20
307.22769310292153,309.4165036660153,293.5974666249826,296.1543884277344,12955400,-0.042214981000016416,-13.053192138671875,304.9234924316406,307.30828552246095,307.23068084716795,312.5009844970703,306.22428827145484,308.1500950201602,42.64230641706219,-1.9258067487053836,-1.1928777349232482,-0.7329290137821354,321.56156165273194,292.89980004160395,28.661761611127986,0.11355158242448259,0.018193443942004422,8718440.0,1.4859766786286677,0.6625046517894952,0.0,0.0,0.0,0.0,0.0,0.0,0.0,0,2026-02-23
295.3086878147805,298.22376183621185,289.89638425356503,295.7862243652344,13554100,-0.0012431491035961306,-0.3681640625,302.9674987792969,304.8409088134766,307.0446319580078,312.27379821777345,304.6184322858825,307.234252749425,36.46041923915035,-2.6158204635425477,-1.4774662806471084,-1.1383541828954393,321.8852473823624,292.2040165336532,29.68123084870922,0.12068932887991289,0.01818023220668676,9649900.0,1.4045843579120656,0.046212390200225384,0.0,0.0,0.0,0.0,0.0,0.0,0.0,1,2026-02-24
297.1194302945208,302.113859047087,295.4977249020647,301.75567626953125,8095500,0.02018164272899292,5.969451904296875,301.8770751953125,303.3505340576172,307.19337005615233,312.0219903564453,304.1780082833669,306.8284322694329,39.78653531031983,-2.6504239860659595,-1.7120578217308786,-0.9383661643350809,321.74201750090725,292.6447226113974,29.09729488950984,0.3131202983788503,0.02011382243037029,9827080.0,0.8237949804219584,-0.4027268501781749,0.0,0.0,0.0,0.0,0.0,0.0,0.0,1,2026-02-25
303.02916294815697,307.4366298839601,302.0939770599508,304.5712890625,7007800,0.009330769938703076,2.81561279296875,301.4950317382812,302.88392028808596,307.4600067138672,311.80391296386716,304.23851301861816,306.66123647632674,46.856963768353744,-2.422723457708571,-1.8541909489264172,-0.5685325087821538,321.5840754969953,293.3359379307391,28.24813756625622,0.39773776607433264,0.019362413797536112,9881100.0,0.7092124652910642,-0.13435859428077324,0.0,0.0,0.0,0.0,0.0,0.0,0.0,0,2026-02-26
298.4725052158334,301.4074969953331,292.9507760142178,298.7709655761719,18620800,-0.019044222796515298,-5.800323486328125,299.4077087402344,302.65111083984374,307.1555633544922,311.4401153564453,303.3973518736264,306.07677196520416,30.849262016875215,-2.6794200915777537,-2.0192367774566846,-0.6601833141210691,321.76960909531056,292.5415176136738,29.22809148163674,0.2131322178938275,0.018407850111370614,12046720.0,1.5457152199341215,1.657153457575844,0.0,0.0,0.0,0.0,0.0,0.0,0.0,0,2026-02-27
293.3089239524434,298.45261340621465,291.7170645432447,296.044921875,8508900,-0.009124192158079247,-2.726043701171875,299.3858154296875,302.15465393066404,306.7411834716797,311.11034301757815,302.26620879691467,305.33367195852236,29.597646474655477,-3.067463161607691,-2.2288820542868857,-0.8385811073208052,322.14112636465137,291.341240578708,30.79988578594339,0.15271749151375072,0.01859491013967707,11157420.0,0.7626224734192606,-0.5430432634473277,0.0,0.0,0.0,0.0,0.0,0.0,0.0,1,2026-03-02
290.80175042735664,300.8503301542204,288.0259478174434,298.7311706542969,10278200,0.009073787728847149,2.686248779296875,299.9748046875,301.4711517333984,306.34918823242185,310.8455859375,301.7223567749735,304.844597787839,34.73402194975155,-3.1222410128655156,-2.407553846002612,-0.7146871668629036,322.160974698934,290.5374017659097,31.62357293302432,0.2591031982844473,0.01808704247380604,10502240.0,0.9786673149092655,0.20793522076884208,0.0,0.0,0.0,0.0,0.0,0.0,0.0,0,2026-03-03
298.4625518350298,299.4674190034017,294.31380094003714,297.8656311035156,8055700,-0.0028973861311007987,-0.86553955078125,299.19679565429686,300.5369354248047,305.5801254272461,310.60273986816406,301.12901436398,304.32763729270397,39.09978627416459,-3.198622928723978,-2.5657676625468855,-0.6328552661770925,321.47532925167883,289.6849216028134,31.790407648865425,0.2573326391659797,0.017887890196298613,10494280.0,0.767627624989268,-0.2162343601019634,0.0,0.0,0.0,0.0,0.0,0.0,0.0,0,2026-03-04
296.46279534996694,299.7061758621692,290.9410358965662,292.0553283691406,12732500,-0.01950645568892695,-5.810302734375,296.693603515625,299.0943176269531,304.40016479492186,310.16029296875,299.73306267246625,303.41857737244004,40.926345842169304,-3.685514699973794,-2.7897170700322675,-0.8957976299415265,320.6463192619114,288.1540103279323,32.492308933979075,0.12006896921407754,0.018634361650425587,11639220.0,1.0939305989636248,0.580557865858957,0.0,0.0,0.0,0.0,0.0,0.0,0.0,0,2026-03-05
284.88204628210366,288.51345559776433,282.2654325280704,288.0060729980469,13496500,-0.013864685824104273,-4.04925537109375,294.540625,296.9741668701172,303.3714294433594,309.52038513183595,297.92891041486325,302.27691038174424,37.91387083270378,-4.347999966880991,-3.1013736494020123,-1.2466263174789787,321.0458299898559,285.69702889686283,35.348801092993085,0.06532170907421313,0.01816462328629227,10614360.0,1.2715320309908436,0.0600039269585706,0.0,0.0,0.0,0.0,0.0,0.0,0.0,1,2026-03-06
284.04633930656934,289.61783224456605,279.02206418875625,288.44384765625,12241100,0.0015200188442070495,0.437774658203125,293.02041015625,296.20311279296874,301.75569915771484,308.8329754638672,296.46966999046117,301.2522390687447,32.76593443272617,-4.7825690782835295,-3.437612735178316,-1.3449563431052134,318.6275909158505,284.8838073995792,33.743783516271264,0.10550210692433568,0.013108421327413427,11360800.0,1.0774856455984045,-0.09301670803541662,0.0,0.0,0.0,0.0,0.0,0.0,0.0,0,2026-03-09
287.81703392074905,291.25940817695187,285.7177615952499,287.2598876953125,8344900,-0.004104646261508971,-1.1839599609375,290.7261535644531,295.35047912597656,300.09569396972654,308.0577056884766,295.05278040659215,300.2157685966386,29.7352464568134,-5.1629881900464625,-3.7826878261519457,-1.3803003638945168,315.70476103609957,284.4866269033535,31.21813413274606,0.08883493100765304,0.013105916188161707,10974140.0,0.7604148698289916,-0.3182883891153573,0.0,0.0,0.0,0.0,0.0,0.0,0.0,0,2026-03-10
287.339470512306,289.00098077209634,283.40957048917664,286.0560302734375,10205000,-0.004190830232280396,-1.203857421875,288.3642333984375,293.7805145263672,298.5655242919922,307.28331787109374,293.66866500149143,299.1668990912163,29.449494966010235,-5.4982340897248605,-4.125797078866529,-1.3724370108583317,313.31416030222977,283.8168882817546,29.49727202047518,0.07591013806472442,0.010351447603934532,11404000.0,0.8948613736529837,0.22290261117568821,0.0,0.0,0.0,0.0,0.0,0.0,0.0,0,2026-03-11
281.38992356011664,282.4345955757058,277.6789347371047,281.44964599609375,13760500,-0.016103083976032773,-4.60638427734375,286.24309692382815,291.4683502197266,297.17613525390624,306.4992071533203,291.78881592373796,297.85450997305907,23.09031824542484,-6.06569404932111,-4.513776472957445,-1.5519175763636648,312.89529221796715,281.4569782898453,31.43831392812183,-0.000233227957711245,0.009450468723204333,11609600.0,1.1852689855577294,0.34840764331210194,0.0,0.0,0.0,0.0,0.0,0.0,0.0,1,2026-03-12
283.2205743771862,285.72773249785536,281.50933079451545,281.996826171875,9091200,0.0019441494546730276,0.54718017578125,285.04124755859374,289.7909362792969,296.2210235595703,305.7325769042969,290.2823559619129,296.6798667285269,31.881844848442867,-6.397510766614005,-4.890523331688756,-1.5069874349252483,313.2068617636383,279.2351853555023,33.97167640813598,0.08129245030810403,0.00898967705010871,10728540.0,0.8473845604914965,-0.33932633261872747,0.0,0.0,0.0,0.0,0.0,0.0,0.0,1,2026-03-13
284.88204862524725,287.7971227560318,283.16084627757465,284.7029724121094,8149000,0.009596371267614812,2.706146240234375,284.29307250976564,288.6567413330078,295.40569763183595,305.04384033203127,289.4239892619431,295.7926893717552,36.617042276433715,-6.368700109812096,-5.186158687313425,-1.1825414224986712,312.9790313619775,277.8323639016944,35.14666746028308,0.19548392512557566,0.010087341760207865,9910120.0,0.8222906662794531,-0.10363868356212602,0.0,0.0,0.0,0.0,0.0,0.0,0.0,1,2026-03-16
287.5285022187445,290.2744588762506,284.4940440114858,285.42926025390625,8961200,0.002551037088385444,0.726287841796875,283.92694702148435,287.32655029296876,294.3988510131836,304.3050524902344,288.809415568399,295.02502795561827,27.42782594132362,-6.215612387219267,-5.392049427294593,-0.8235629599246739,311.827947189871,276.96975483649624,34.85819235337476,0.2426834223475829,0.009344133257928272,10033380.0,0.8931386139926312,0.09966867100257693,0.0,0.0,0.0,0.0,0.0,0.0,0.0,1,2026-03-17
285.36953215418885,287.93641255144826,283.6682474755719,286.27490234375,10057000,0.0029627028745808914,0.84564208984375,283.97072143554686,286.1674774169922,293.3522064208984,303.4136138916016,288.41949045691456,294.37687050288724,23.246943319353335,-5.957380045972684,-5.505115551030212,-0.45226449494247234,310.04095988534766,276.6634529564492,33.37750692889847,0.2879618722718679,0.00963845112989243,10003780.0,1.005319888550139,0.12228272999151901,0.0,0.0,0.0,0.0,0.0,0.0,0.0,1,2026-03-18
285.4193072233837,288.0359209952396,283.1708046765218,286.5037536621094,9846700,0.0007994110433215962,0.228851318359375,284.98154296875,285.61231994628906,292.3533187866211,302.4855639648438,288.1247617192522,293.7936766628296,28.57141332640974,-5.66891494357742,-5.537875429539653,-0.13103951403776648,308.0980662579185,276.60857131532373,31.489494942594774,0.31423756921190027,0.007953855041819387,9221020.0,1.0678535489725054,-0.020910808392164637,0.0,0.0,0.0,0.0,0.0,0.0,0.0,0,2026-03-19
286.61317132501995,289.2297850267638,283.81748141518966,285.1009216308594,22436500,-0.004896382729087878,-1.40283203125,285.60236206054685,285.3218048095703,291.1479858398437,301.6810809326172,287.65955555180716,293.1497688826837,29.95623618618619,-5.490213330876543,-5.528343009807031,0.03812967893048835,305.0422153921854,277.25375628750203,27.788459104683398,0.2823893657979911,0.0068725785007051855,11890080.0,1.8869930322594102,1.2785806412300569,0.0,0.0,0.0,0.0,0.0,0.0,0.0,1,2026-03-20
292.8114588483544,294.24412922690453,286.5037438804951,288.4338684082031,11470800,0.01169041039319807,3.33294677734375,286.3485412597656,285.3208068847656,290.7619598388672,300.8875415039063,287.7786806066373,292.8004429216111,31.57706224681192,-5.021762314973785,-5.427026870840383,0.40526455586659793,304.49863924796546,277.02528042976894,27.473358818196516,0.4152600362232607,0.00794528158681894,12554440.0,0.9136846475283129,-0.4887437880239788,0.0,0.0,0.0,0.0,0.0,0.0,0.0,1,2026-03-23
284.71293429347423,293.9755285514211,283.9169894005904,290.91119384765625,11092300,0.008588885393816303,2.477325439453125,287.44492797851564,285.6859375,290.5182083129883,300.1554876708984,288.2606057206402,292.66049854576255,38.2362445499747,-4.399892825122322,-5.221600061696771,0.8217072365744489,304.05100244837223,276.98541417760435,27.065588270767876,0.5145197484799501,0.008222036183860517,12980660.0,0.8545250507659048,-0.03299682672525017,0.0,0.0,0.0,0.0,0.0,0.0,0.0,1,2026-03-24
292.6522795072885,296.1245302289603,290.950994762599,293.91583251953125,12188200,0.010328370772313633,3.004638671875,288.9731140136719,286.4719177246094,290.12621612548827,299.57704833984377,289.1306406127773,292.7534862475232,53.477177164607376,-3.622845634745886,-4.901849176306594,1.2790035415607077,302.7093164291669,277.54311582180964,25.16620060735727,0.650583572487478,0.008425128540683087,13406900.0,0.9090989782053287,0.09879826546342962,0.0,0.0,0.0,0.0,0.0,0.0,0.0,0,2026-03-25
291.0902559049482,293.48798854194115,289.24969984697105,290.1749572753906,8669200,-0.012727709195087478,-3.740875244140625,289.7073547363281,287.3444488525391,289.4063995361328,299.1942077636719,289.29130471471785,292.56248410143934,54.10079162552352,-3.271179386721485,-4.575715218389572,1.3045358316680868,300.00002212658,278.81277694568564,21.187245180894365,0.5362745478310024,0.007598533182122632,13171400.0,0.6581835903409212,-0.28872187853825837,0.0,0.0,0.0,0.0,0.0,0.0,0.0,0,2026-03-26
287.66781259849654,288.63284454259417,280.31542537678433,281.3998718261719,9873300,-0.030240671116531836,-8.77508544921875,288.96714477539064,287.2847534179688,288.5378448486328,298.69615661621094,288.07723811648003,291.735623932901,39.87411129208551,-3.658385816420946,-4.392249337995847,0.733863521574901,298.7399048263299,278.3357848709357,20.404119955394208,0.15017001281037654,0.013129993202373697,10658760.0,0.9263084142706642,0.13889401559544123,0.0,0.0,0.0,0.0,0.0,0.0,0.0,1,2026-03-27
283.2901966006573,285.787426299191,280.89246381052374,282.32513427734375,11734400,0.0032880699097952437,0.925262451171875,287.7453979492187,287.0469696044922,287.85185546875,298.1889520263672,287.1922990643052,291.03855062508194,42.853013436646826,-3.84625156077675,-4.283049782552028,0.4367982217752777,297.76961806206094,277.93409287543903,19.835525186621908,0.22137258077970556,0.01275646640678086,10711480.0,1.0954974386828489,0.18849827312043588,0.0,0.0,0.0,0.0,0.0,0.0,0.0,1,2026-03-30
287.0012007453536,293.56760164880984,283.4991344325332,292.6622314453125,12956900,0.036614158333540425,10.33709716796875,288.09560546875,287.7702667236328,287.5484085083008,297.8246166992187,288.0338271229217,291.15882327843235,57.566104482083965,-3.124996155510644,-4.051439057143751,0.9264429016331075,296.37609447254056,278.720722544061,17.655371928479553,0.7896468540531315,0.0173062976071398,11084400.0,1.1689310049320663,0.10418086992091635,0.0,0.0,0.0,0.0,0.0,0.0,0.0,1,2026-03-31
293.8859963972044,297.19902789200404,291.41861272257177,293.87603759765625,11267200,0.004147464284507629,1.21380615234375,288.087646484375,288.53038024902344,287.3489288330078,297.67816650390625,288.9326287344193,291.3600984131897,65.43115272439371,-2.4274696787703647,-3.726645181469074,1.2991755026987093,295.3351821873862,279.3626754786294,15.972506708756782,0.908646487539829,0.017313777637476376,10900200.0,1.0336690121585832,-0.13040927999753027,0.0,0.0,0.0,0.0,0.0,0.0,0.0,0,2026-04-01
290.4237002119346,294.1148016905453,287.2499401451481,293.1000061035156,6669300,-0.0026406763221814566,-0.776031494140625,288.67265625,289.19000549316405,287.4011627197266,297.5301239013672,289.5737637142803,291.4889804643249,63.710057263206,-1.9152167500446353,-3.3643594951841864,1.449142745139551,295.52942761051906,279.2728978289341,16.25652978158496,0.8505571889883908,0.01738810580293606,10500220.0,0.6351580600065465,-0.4080783158193695,0.0,0.0,0.0,0.0,0.0,0.0,0.0,1,2026-04-02
294.05999755859375,296.8299865722656,293.20001220703125,295.45001220703125,7142600,0.008017762042235033,2.350006103515625,291.48268432617186,290.22491455078125,287.77335968017576,297.39744384765623,290.4778019439343,291.78239022304393,63.38804999921731,-1.3045882791096233,-2.952405251969274,1.6478169728596508,296.6642033227914,278.8825160375601,17.781687285231328,0.9317167658380573,0.017273840822080992,9954080.0,0.7175549405314262,0.07096696804762126,0.0,0.0,0.0,0.0,0.0,0.0,0.0,1,2026-04-06
293.1400146484375,298.17999267578125,292.70001220703125,297.3999938964844,7849100,0.006600039292219417,1.949981689453125,294.49765625,291.12152709960935,288.2211669921875,297.4213616943359,291.5427545520189,292.19850901366914,64.4712560939954,-0.6557544616502469,-2.4930750939054684,1.8373206322552216,298.10135059001874,278.3409833943562,19.760367195662525,0.9645068997172875,0.01708504066240167,9177020.0,0.8552993395133345,0.09891356088819192,0.0,0.0,0.0,0.0,0.0,0.0,0.0,1,2026-04-07
307.9700012207031,311.260009765625,305.3299865722656,307.9700012207031,10590200,0.035541383796725334,10.57000732421875,297.5592102050781,292.82740783691406,289.25667266845704,297.59061767578123,294.070023270278,293.3667676956717,71.23441927143429,0.7032555746063167,-1.8538089602031116,2.5570645348094283,302.486086372613,276.0272589643011,26.45882740831189,1.2072622026008657,0.019840048387009757,8703680.0,1.2167495568828868,0.34922475188238145,0.0,0.0,0.0,0.0,0.0,0.0,0.0,1,2026-04-08
306.95001220703125,311.260009765625,306.1099853515625,310.3299865722656,6586600,0.00766303647176092,2.3599853515625,300.85,294.4688232421875,290.4703704833984,297.82159912109375,296.5715560859684,294.62330242727126,72.38639320302963,1.9482536586971264,-1.093396436423064,3.0416500951201906,306.5995319617003,274.3412090050966,32.258322956603706,1.1156431663998216,0.019789859994138317,7767560.0,0.8479624427796576,-0.37804762893996335,0.0,0.0,0.0,0.0,0.0,0.0,0.0,0,2026-04-09
310.0,310.3500061035156,306.7200012207031,309.8699951171875,6069700,-0.0014822655720735378,-0.459991455078125,304.20399780273436,296.4383270263672,291.8913879394531,298.03422790527344,298.61746978307906,295.75268707096876,73.69201513833323,2.864782712110298,-0.3017606067163916,3.1665433188266894,309.60429100274337,274.1784848761629,35.42580612658048,1.007500298299134,0.018935390580511434,7647640.0,0.7936695773245632,-0.07847751495460475,0.0,0.0,0.0,0.0,0.0,0.0,0.0,1,2026-04-10
307.4700012207031,313.739990234375,305.4599914550781,313.67999267578125,8318200,0.012295471064092123,3.80999755859375,307.84999389648436,299.6663391113281,293.4755462646484,298.21063110351565,300.9347809973409,297.08063563428817,73.92993405673917,3.854145363052737,0.5294205872374341,3.324724775815303,313.0335449391066,273.9175475901902,39.11599734891638,1.0165264285579063,0.013683956926467995,7882760.0,1.055239401524415,0.37044664480946343,0.0,0.0,0.0,0.0,0.0,0.0,0.0,0,2026-04-13
309.82000732421875,314.32000732421875,308.8699951171875,311.1199951171875,11455500,-0.008161175779035967,-2.55999755859375,310.593994140625,302.5458251953125,294.79639739990233,298.34638061523435,302.5017370157789,298.12058818857696,69.12525471475017,4.381148827201912,1.2997662352303299,3.081382591971582,315.4000419502424,274.1927528495623,41.2072891006801,0.8961337441176063,0.014823928540511212,8604040.0,1.3314092761761596,0.3771609242384171,0.0,0.0,0.0,0.0,0.0,0.0,0.0,0,2026-04-14
313.95001220703125,314.239990234375,304.260009765625,305.92999267578125,9885800,-0.0166816743470678,-5.19000244140625,310.1859924316406,303.8726013183594,295.8214340209961,298.33355895996095,303.02916096347155,298.69906259503654,60.918365180628705,4.330098368435017,1.9058326618712673,2.42426570656375,316.50258733077936,275.1402807112128,41.36230661956654,0.7443905932765097,0.013801223153105984,8463160.0,1.1680978301133584,-0.13702588276373795,0.0,0.0,0.0,0.0,0.0,0.0,0.0,1,2026-04-15
305.3500061035156,309.95001220703125,305.20001220703125,309.95001220703125,8208600,0.013140325000793096,4.02001953125,310.10999755859376,305.47999877929686,297.0051895141602,298.26762145996094,304.0939073086346,299.53246626999913,67.880678643352,4.561441038635451,2.436954337224104,2.124486701411347,318.0918672675137,275.91851176080667,42.173355506707026,0.8069431525315897,0.01406552033266039,8787560.0,0.9341158485272535,-0.16965748851888562,0.0,0.0,0.0,0.0,0.0,0.0,0.0,1,2026-04-16
312.4700012207031,314.8999938964844,310.0899963378906,310.2900085449219,11082400,0.0010969392627850905,0.339996337890625,310.1940002441406,307.1989990234375,298.19450225830076,298.1603308105469,305.0471536526788,300.3293212533268,80.82457440375725,4.717832399352005,2.8931299496496843,1.824702449702321,319.4696167764329,276.91938774016864,42.55022903626423,0.7842641875212525,0.013878529804181979,9790100.0,1.1320005789521477,0.3500962405282264,0.0,0.0,0.0,0.0,0.0,0.0,0.0,1,2026-04-17
310.8500061035156,317.1300048828125,310.3699951171875,316.989990234375,10772000,0.021592643994152727,6.699981689453125,310.8559997558594,309.3529968261719,299.78895568847656,298.3285150146484,306.88451312678586,301.5634448815525,82.92828292686626,5.321068245233334,3.378717608766414,1.9423506364669203,321.7025551389006,277.8753562380525,43.82719890084809,0.8924739654003558,0.014741266483604482,10280860.0,1.047772166163904,-0.02800837363747921,0.0,0.0,0.0,0.0,0.0,0.0,0.0,0,2026-04-20
317.489990234375,320.239990234375,312.75,313.0,7084300,-0.012587117439969986,-3.989990234375,311.23200073242185,310.9129974365234,301.0172622680664,298.1733459472656,307.8253572611265,302.4105971125486,71.96787495911497,5.414760148577898,3.785926116728711,1.6288340318491867,323.0048027003387,279.02972183579413,43.975080864544566,0.7724892710958565,0.01600953058138327,9406620.0,0.7531184683639321,-0.3423412551058299,0.0,0.0,0.0,0.0,0.0,0.0,0.0,1,2026-04-21
314.8500061035156,315.1499938964844,311.94000244140625,313.0199890136719,5545900,6.386266348834546e-05,0.019989013671875,312.65,311.4179962158203,302.12270202636716,298.0245458984375,308.6245313769027,303.19647799411325,71.22578590945082,5.4280533827894715,4.1143515699408635,1.313701812848608,324.1938290429535,280.05157500978083,44.14225403317266,0.746867479362712,0.0121196020043968,8538640.0,0.6495061684874678,-0.21715624691218616,0.27115,0.0,0.0,0.0,0.09038333333333333,0.05423,0.03873571428571428,0,2026-04-22
313.5199890136719,314.989990234375,308.8900146484375,311.69000244140625,6969700,-0.004248887032602733,-1.329986572265625,312.997998046875,311.5539978027344,303.01141052246095,297.92515747070314,309.09614230990326,303.825627953172,70.36147169664048,5.270514356731269,4.345584127298945,0.9249302294323236,325.1224891996387,280.9003318452832,44.222157354355545,0.6962498538618735,0.012047864105706393,8290860.0,0.8406485164809783,0.25673019708252953,0.13606666666666667,0.27115,0.0,0.0,0.13573888888888888,0.08144333333333334,0.058173809523809523,0,2026-04-23
311.1499938964844,311.1499938964844,307.8900146484375,308.2799987792969,5215300,-0.010940369069907585,-3.410003662109375,312.59599609375,311.39499816894534,303.9166625976562,297.9060089111328,308.97058176673306,304.15558134769975,63.7336819377365,4.815000419033311,4.439467385645818,0.37553303338749267,325.28495152325604,282.5483736720564,42.73657785119963,0.6020983990863946,0.01258058058006751,7117440.0,0.7327493125689416,-0.2517181514268907,-0.4588,0.13606666666666667,0.27115,0.0,-0.01719444444444444,-0.010316666666666663,-0.007369047619047616,1,2026-04-24
306.8800048828125,312.5799865722656,306.8800048828125,311.6300048828125,7925300,0.010866764359610537,3.350006103515625,311.5239990234375,311.18999938964845,305.4281692504883,298.1166278076172,309.3797237845915,304.7092423503007,64.78905043383585,4.670481434290764,4.485670195374808,0.1848112389159562,324.21038172297426,286.6459567780023,37.56442494497196,0.665098644282301,0.012428738888004024,6548100.0,1.2103203661641748,0.5196249496673251,0.21343333333333334,-0.4588,0.13606666666666667,0.27115,-0.036433333333333325,0.03237,0.023121428571428574,0,2026-04-27
315.20001220703125,315.45001220703125,311.1700134277344,311.45001220703125,7398600,-0.0005775845488592557,-0.17999267578125,311.21400146484376,311.22300109863284,306.88441314697263,298.3254382324219,309.698229695736,305.20855863598445,54.61295929144915,4.489671059751572,4.486470368250161,0.0032006915014113346,322.3475379919886,291.4212883019567,30.92624969003191,0.6476286036998066,0.0121455522989173,6610960.0,1.119141377479008,-0.06645805206112076,-0.09006666666666667,0.21343333333333334,-0.4588,0.13606666666666667,-0.1118111111111111,0.01435666666666667,0.010254761904761907,0,2026-04-28
310.57000732421875,312.04998779296875,307.2900085449219,309.25,8031800,-0.007063773064066581,-2.20001220703125,310.4600036621094,311.5550018310547,307.713801574707,298.3991143798828,309.6292712810074,305.50792466294854,48.56231691486347,4.121346618058851,4.413445618211899,-0.2920990001530477,321.6711195035521,293.7564836458619,27.9146358576902,0.5550320065993174,0.010971433064836791,7108140.0,1.1299438207542591,0.0855837590895574,-0.024800000000000006,-0.09006666666666667,0.21343333333333334,-0.4588,0.032855555555555555,-0.04483333333333333,0.006711904761904764,1,2026-04-29
307.07000732421875,314.1000061035156,306.57000732421875,313.2300109863281,8865400,0.012869881928304405,3.980010986328125,310.76800537109375,311.88300170898435,308.68150024414064,298.5195587158203,310.1832312356721,306.0799310572729,54.08960193802009,4.103300178399195,4.351416530249359,-0.24811635185016367,321.20976704563196,296.1532334426493,25.056533602982654,0.6815299280250209,0.010939333128071181,7487280.0,1.1840613434970586,0.1037874449064966,-0.11606666666666667,-0.024800000000000006,-0.09006666666666667,0.21343333333333334,-0.07697777777777777,-0.09525999999999998,-0.009869047619047616,0,2026-04-30
